ANDHRA PRADESH,1998,0.433469
ASSAM ,1998,0.7038
BIHAR ,1998,1.50466
CHANDIGARH ,1998,1
GUJARAT ,1998,0.95168
HARYANA ,1998,0.947568
HIMACHAL PRADESH,1998,0.234375
KARNATAKA ,1998,0.465828
MEGHALYA ,1998,0.787456
PUNJAB ,1998,0.62069
TAMIL NADU,1998,0.874612

ANDHRA PRADESH,1998,0.433469
ASSAM ,1998,0.7038
BIHAR ,1998,1.50466
CHANDIGARH ,1998,1
GUJARAT ,1998,0.95168
HARYANA ,1998,0.947568
HIMACHAL PRADESH,1998,0.234375
KARNATAKA ,1998,0.465828
MEGHALYA ,1998,0.787456
PUNJAB ,1998,0.62069
TAMIL NADU,1998,0.874612

ASSAM ,1999,0.702174
BIHAR ,1999,1.24193
CHANDIGARH ,1999,1
DADRA AND NAGAR HAVELI,1999,1.15019
GUJARAT ,1999,0.81229
HARYANA ,1999,0.842648
HIMACHAL PRADESH,1999,0.212903
KARNATAKA ,1999,0.569837
MADHYA PRADESH,1999,0.904001
MAHARASHTRA ,1999,0.83399
MEGHALYA ,1999,0.742824
NAGALAND ,1999,0.745342
ORISSA ,1999,0.8
PUNJAB ,1999,0.837209
RAJASTHAN ,1999,0.609045
TAMIL NADU,1999,0.710977
UTTAR PRADESH,1999,1.27871
WEST BENGAL,1999,0.753981

ANDHRA PRADESH,1998,0.433469
ASSAM ,1998,0.7038
BIHAR ,1998,1.50466
CHANDIGARH ,1998,1
GUJARAT ,1998,0.95168
HARYANA ,1998,0.947568
HIMACHAL PRADESH,1998,0.234375
KARNATAKA ,1998,0.465828
MEGHALYA ,1998,0.787456
PUNJAB ,1998,0.62069
TAMIL NADU,1998,0.874612

ASSAM ,1999,0.702174
BIHAR ,1999,1.24193
CHANDIGARH ,1999,1
DADRA AND NAGAR HAVELI,1999,1.15019
GUJARAT ,1999,0.81229
HARYANA ,1999,0.842648
HIMACHAL PRADESH,1999,0.212903
KARNATAKA ,1999,0.569837
MADHYA PRADESH,1999,0.904001
MAHARASHTRA ,1999,0.83399
MEGHALYA ,1999,0.742824
NAGALAND ,1999,0.745342
ORISSA ,1999,0.8
PUNJAB ,1999,0.837209
RAJASTHAN ,1999,0.609045
TAMIL NADU,1999,0.710977
UTTAR PRADESH,1999,1.27871
WEST BENGAL,1999,0.753981

ANDHRA PRADESH,2000,0.426823
ASSAM ,2000,0.708654
BIHAR ,2000,1.34983
CHANDIGARH ,2000,0
CHHATTISGARH ,2000,0.428994
DADRA AND NAGAR HAVELI,2000,0.735334
GUJARAT ,2000,0.337213
HARYANA ,2000,0.766469
HIMACHAL PRADESH,2000,0.161765
KARNATAKA ,2000,0.452213
MADHYA PRADESH,2000,0.667993
MAHARASHTRA ,2000,0.602409
MEGHALYA ,2000,0.742758
MIZORAM ,2000,2.35616
NAGALAND ,2000,1.125
ORISSA ,2000,0.651518
PUNJAB ,2000,0.873563
RAJASTHAN ,2000,0.386178
TAMIL NADU,2000,0.712434
UTTAR PRADESH,2000,1.25372
UTTARANCHAL ,2000,0.519048
WEST BENGAL,2000,0.668696

ANDHRA PRADESH,1998,0.433469
ASSAM ,1998,0.7038
BIHAR ,1998,1.50466
CHANDIGARH ,1998,1
GUJARAT ,1998,0.95168
HARYANA ,1998,0.947568
HIMACHAL PRADESH,1998,0.234375
KARNATAKA ,1998,0.465828
MEGHALYA ,1998,0.787456
PUNJAB ,1998,0.62069
TAMIL NADU,1998,0.874612

ASSAM ,1999,0.702174
BIHAR ,1999,1.24193
CHANDIGARH ,1999,1
DADRA AND NAGAR HAVELI,1999,1.15019
GUJARAT ,1999,0.81229
HARYANA ,1999,0.842648
HIMACHAL PRADESH,1999,0.212903
KARNATAKA ,1999,0.569837
MADHYA PRADESH,1999,0.904001
MAHARASHTRA ,1999,0.83399
MEGHALYA ,1999,0.742824
NAGALAND ,1999,0.745342
ORISSA ,1999,0.8
PUNJAB ,1999,0.837209
RAJASTHAN ,1999,0.609045
TAMIL NADU,1999,0.710977
UTTAR PRADESH,1999,1.27871
WEST BENGAL,1999,0.753981

ANDHRA PRADESH,2000,0.426823
ASSAM ,2000,0.708654
BIHAR ,2000,1.34983
CHANDIGARH ,2000,0
CHHATTISGARH ,2000,0.428994
DADRA AND NAGAR HAVELI,2000,0.735334
GUJARAT ,2000,0.337213
HARYANA ,2000,0.766469
HIMACHAL PRADESH,2000,0.161765
KARNATAKA ,2000,0.452213
MADHYA PRADESH,2000,0.667993
MAHARASHTRA ,2000,0.602409
MEGHALYA ,2000,0.742758
MIZORAM ,2000,2.35616
NAGALAND ,2000,1.125
ORISSA ,2000,0.651518
PUNJAB ,2000,0.873563
RAJASTHAN ,2000,0.386178
TAMIL NADU,2000,0.712434
UTTAR PRADESH,2000,1.25372
UTTARANCHAL ,2000,0.519048
WEST BENGAL,2000,0.668696

ANDHRA PRADESH,2001,0.448566
ASSAM ,2001,0.708264
BIHAR ,2001,1.28257
CHHATTISGARH ,2001,0.401009
DADRA AND NAGAR HAVELI,2001,0.970748
GUJARAT ,2001,0.562744
HARYANA ,2001,0.776406
HIMACHAL PRADESH,2001,0.229054
KARNATAKA ,2001,0.305822
MADHYA PRADESH,2001,0.817999
MAHARASHTRA ,2001,0.757495
MEGHALYA ,2001,0.771394
MIZORAM ,2001,0.747899
NAGALAND ,2001,0.714286
ORISSA ,2001,0.644932
PUNJAB ,2001,0.858696
RAJASTHAN ,2001,0.575719
TAMIL NADU,2001,0.651125
UTTAR PRADESH,2001,1.15727
UTTARANCHAL ,2001,0.544467
WEST BENGAL,2001,0.74539

ANDHRA PRADESH,1998,0.433469
ASSAM ,1998,0.7038
BIHAR ,1998,1.50466
CHANDIGARH ,1998,1
GUJARAT ,1998,0.95168
HARYANA ,1998,0.947568
HIMACHAL PRADESH,1998,0.234375
KARNATAKA ,1998,0.465828
MEGHALYA ,1998,0.787456
PUNJAB ,1998,0.62069
TAMIL NADU,1998,0.874612

ASSAM ,1999,0.702174
BIHAR ,1999,1.24193
CHANDIGARH ,1999,1
DADRA AND NAGAR HAVELI,1999,1.15019
GUJARAT ,1999,0.81229
HARYANA ,1999,0.842648
HIMACHAL PRADESH,1999,0.212903
KARNATAKA ,1999,0.569837
MADHYA PRADESH,1999,0.904001
MAHARASHTRA ,1999,0.83399
MEGHALYA ,1999,0.742824
NAGALAND ,1999,0.745342
ORISSA ,1999,0.8
PUNJAB ,1999,0.837209
RAJASTHAN ,1999,0.609045
TAMIL NADU,1999,0.710977
UTTAR PRADESH,1999,1.27871
WEST BENGAL,1999,0.753981

ANDHRA PRADESH,2000,0.426823
ASSAM ,2000,0.708654
BIHAR ,2000,1.34983
CHANDIGARH ,2000,0
CHHATTISGARH ,2000,0.428994
DADRA AND NAGAR HAVELI,2000,0.735334
GUJARAT ,2000,0.337213
HARYANA ,2000,0.766469
HIMACHAL PRADESH,2000,0.161765
KARNATAKA ,2000,0.452213
MADHYA PRADESH,2000,0.667993
MAHARASHTRA ,2000,0.602409
MEGHALYA ,2000,0.742758
MIZORAM ,2000,2.35616
NAGALAND ,2000,1.125
ORISSA ,2000,0.651518
PUNJAB ,2000,0.873563
RAJASTHAN ,2000,0.386178
TAMIL NADU,2000,0.712434
UTTAR PRADESH,2000,1.25372
UTTARANCHAL ,2000,0.519048
WEST BENGAL,2000,0.668696

ANDHRA PRADESH,2001,0.448566
ASSAM ,2001,0.708264
BIHAR ,2001,1.28257
CHHATTISGARH ,2001,0.401009
DADRA AND NAGAR HAVELI,2001,0.970748
GUJARAT ,2001,0.562744
HARYANA ,2001,0.776406
HIMACHAL PRADESH,2001,0.229054
KARNATAKA ,2001,0.305822
MADHYA PRADESH,2001,0.817999
MAHARASHTRA ,2001,0.757495
MEGHALYA ,2001,0.771394
MIZORAM ,2001,0.747899
NAGALAND ,2001,0.714286
ORISSA ,2001,0.644932
PUNJAB ,2001,0.858696
RAJASTHAN ,2001,0.575719
TAMIL NADU,2001,0.651125
UTTAR PRADESH,2001,1.15727
UTTARANCHAL ,2001,0.544467
WEST BENGAL,2001,0.74539

ANDHRA PRADESH,2002,0.347917
ASSAM ,2002,0.707401
BIHAR ,2002,1.14029
CHHATTISGARH ,2002,0.433002
DADRA AND NAGAR HAVELI,2002,0.970672
GUJARAT ,2002,0.629914
HARYANA ,2002,0.822244
HIMACHAL PRADESH,2002,0.155689
JHARKHAND ,2002,1.66613
KARNATAKA ,2002,0.468449
MADHYA PRADESH,2002,0.613998
MAHARASHTRA ,2002,0.733182
MEGHALYA ,2002,0.780247
MIZORAM ,2002,0.579957
NAGALAND ,2002,0.548387
ORISSA ,2002,0.64327
PUNJAB ,2002,0.858974
RAJASTHAN ,2002,0.235557
TAMIL NADU,2002,0.545403
UTTARANCHAL ,2002,0.479643
WEST BENGAL,2002,0.876686

ANDHRA PRADESH,1998,0.433469
ASSAM ,1998,0.7038
BIHAR ,1998,1.50466
CHANDIGARH ,1998,1
GUJARAT ,1998,0.95168
HARYANA ,1998,0.947568
HIMACHAL PRADESH,1998,0.234375
KARNATAKA ,1998,0.465828
MEGHALYA ,1998,0.787456
PUNJAB ,1998,0.62069
TAMIL NADU,1998,0.874612

ASSAM ,1999,0.702174
BIHAR ,1999,1.24193
CHANDIGARH ,1999,1
DADRA AND NAGAR HAVELI,1999,1.15019
GUJARAT ,1999,0.81229
HARYANA ,1999,0.842648
HIMACHAL PRADESH,1999,0.212903
KARNATAKA ,1999,0.569837
MADHYA PRADESH,1999,0.904001
MAHARASHTRA ,1999,0.83399
MEGHALYA ,1999,0.742824
NAGALAND ,1999,0.745342
ORISSA ,1999,0.8
PUNJAB ,1999,0.837209
RAJASTHAN ,1999,0.609045
TAMIL NADU,1999,0.710977
UTTAR PRADESH,1999,1.27871
WEST BENGAL,1999,0.753981

ANDHRA PRADESH,2000,0.426823
ASSAM ,2000,0.708654
BIHAR ,2000,1.34983
CHANDIGARH ,2000,0
CHHATTISGARH ,2000,0.428994
DADRA AND NAGAR HAVELI,2000,0.735334
GUJARAT ,2000,0.337213
HARYANA ,2000,0.766469
HIMACHAL PRADESH,2000,0.161765
KARNATAKA ,2000,0.452213
MADHYA PRADESH,2000,0.667993
MAHARASHTRA ,2000,0.602409
MEGHALYA ,2000,0.742758
MIZORAM ,2000,2.35616
NAGALAND ,2000,1.125
ORISSA ,2000,0.651518
PUNJAB ,2000,0.873563
RAJASTHAN ,2000,0.386178
TAMIL NADU,2000,0.712434
UTTAR PRADESH,2000,1.25372
UTTARANCHAL ,2000,0.519048
WEST BENGAL,2000,0.668696

ANDHRA PRADESH,2001,0.448566
ASSAM ,2001,0.708264
BIHAR ,2001,1.28257
CHHATTISGARH ,2001,0.401009
DADRA AND NAGAR HAVELI,2001,0.970748
GUJARAT ,2001,0.562744
HARYANA ,2001,0.776406
HIMACHAL PRADESH,2001,0.229054
KARNATAKA ,2001,0.305822
MADHYA PRADESH,2001,0.817999
MAHARASHTRA ,2001,0.757495
MEGHALYA ,2001,0.771394
MIZORAM ,2001,0.747899
NAGALAND ,2001,0.714286
ORISSA ,2001,0.644932
PUNJAB ,2001,0.858696
RAJASTHAN ,2001,0.575719
TAMIL NADU,2001,0.651125
UTTAR PRADESH,2001,1.15727
UTTARANCHAL ,2001,0.544467
WEST BENGAL,2001,0.74539

ANDHRA PRADESH,2002,0.347917
ASSAM ,2002,0.707401
BIHAR ,2002,1.14029
CHHATTISGARH ,2002,0.433002
DADRA AND NAGAR HAVELI,2002,0.970672
GUJARAT ,2002,0.629914
HARYANA ,2002,0.822244
HIMACHAL PRADESH,2002,0.155689
JHARKHAND ,2002,1.66613
KARNATAKA ,2002,0.468449
MADHYA PRADESH,2002,0.613998
MAHARASHTRA ,2002,0.733182
MEGHALYA ,2002,0.780247
MIZORAM ,2002,0.579957
NAGALAND ,2002,0.548387
ORISSA ,2002,0.64327
PUNJAB ,2002,0.858974
RAJASTHAN ,2002,0.235557
TAMIL NADU,2002,0.545403
UTTARANCHAL ,2002,0.479643
WEST BENGAL,2002,0.876686

ANDHRA PRADESH,2003,0.418618
ASSAM ,2003,0.704507
BIHAR ,2003,1.23794
CHHATTISGARH ,2003,0.602998
DADRA AND NAGAR HAVELI,2003,0.881993
DELHI ,2003,1.41045
GUJARAT ,2003,0.869565
HARYANA ,2003,1.20122
JHARKHAND ,2003,1.43204
KARNATAKA ,2003,0.375062
MADHYA PRADESH,2003,0.809001
MAHARASHTRA ,2003,0.662334
MANIPUR ,2003,0.5
MEGHALYA ,2003,0.786946
MIZORAM ,2003,0.651079
NAGALAND ,2003,0.933333
ORISSA ,2003,0.700088
PUNJAB ,2003,0.927835
RAJASTHAN ,2003,0.813035
TAMIL NADU,2003,0.611725
UTTAR PRADESH,2003,1.09768
UTTARANCHAL ,2003,0.740571
WEST BENGAL,2003,1.06457

ANDHRA PRADESH,1998,0.433469
ASSAM ,1998,0.7038
BIHAR ,1998,1.50466
CHANDIGARH ,1998,1
GUJARAT ,1998,0.95168
HARYANA ,1998,0.947568
HIMACHAL PRADESH,1998,0.234375
KARNATAKA ,1998,0.465828
MEGHALYA ,1998,0.787456
PUNJAB ,1998,0.62069
TAMIL NADU,1998,0.874612

ASSAM ,1999,0.702174
BIHAR ,1999,1.24193
CHANDIGARH ,1999,1
DADRA AND NAGAR HAVELI,1999,1.15019
GUJARAT ,1999,0.81229
HARYANA ,1999,0.842648
HIMACHAL PRADESH,1999,0.212903
KARNATAKA ,1999,0.569837
MADHYA PRADESH,1999,0.904001
MAHARASHTRA ,1999,0.83399
MEGHALYA ,1999,0.742824
NAGALAND ,1999,0.745342
ORISSA ,1999,0.8
PUNJAB ,1999,0.837209
RAJASTHAN ,1999,0.609045
TAMIL NADU,1999,0.710977
UTTAR PRADESH,1999,1.27871
WEST BENGAL,1999,0.753981

ANDHRA PRADESH,2000,0.426823
ASSAM ,2000,0.708654
BIHAR ,2000,1.34983
CHANDIGARH ,2000,0
CHHATTISGARH ,2000,0.428994
DADRA AND NAGAR HAVELI,2000,0.735334
GUJARAT ,2000,0.337213
HARYANA ,2000,0.766469
HIMACHAL PRADESH,2000,0.161765
KARNATAKA ,2000,0.452213
MADHYA PRADESH,2000,0.667993
MAHARASHTRA ,2000,0.602409
MEGHALYA ,2000,0.742758
MIZORAM ,2000,2.35616
NAGALAND ,2000,1.125
ORISSA ,2000,0.651518
PUNJAB ,2000,0.873563
RAJASTHAN ,2000,0.386178
TAMIL NADU,2000,0.712434
UTTAR PRADESH,2000,1.25372
UTTARANCHAL ,2000,0.519048
WEST BENGAL,2000,0.668696

ANDHRA PRADESH,2001,0.448566
ASSAM ,2001,0.708264
BIHAR ,2001,1.28257
CHHATTISGARH ,2001,0.401009
DADRA AND NAGAR HAVELI,2001,0.970748
GUJARAT ,2001,0.562744
HARYANA ,2001,0.776406
HIMACHAL PRADESH,2001,0.229054
KARNATAKA ,2001,0.305822
MADHYA PRADESH,2001,0.817999
MAHARASHTRA ,2001,0.757495
MEGHALYA ,2001,0.771394
MIZORAM ,2001,0.747899
NAGALAND ,2001,0.714286
ORISSA ,2001,0.644932
PUNJAB ,2001,0.858696
RAJASTHAN ,2001,0.575719
TAMIL NADU,2001,0.651125
UTTAR PRADESH,2001,1.15727
UTTARANCHAL ,2001,0.544467
WEST BENGAL,2001,0.74539

ANDHRA PRADESH,2002,0.347917
ASSAM ,2002,0.707401
BIHAR ,2002,1.14029
CHHATTISGARH ,2002,0.433002
DADRA AND NAGAR HAVELI,2002,0.970672
GUJARAT ,2002,0.629914
HARYANA ,2002,0.822244
HIMACHAL PRADESH,2002,0.155689
JHARKHAND ,2002,1.66613
KARNATAKA ,2002,0.468449
MADHYA PRADESH,2002,0.613998
MAHARASHTRA ,2002,0.733182
MEGHALYA ,2002,0.780247
MIZORAM ,2002,0.579957
NAGALAND ,2002,0.548387
ORISSA ,2002,0.64327
PUNJAB ,2002,0.858974
RAJASTHAN ,2002,0.235557
TAMIL NADU,2002,0.545403
UTTARANCHAL ,2002,0.479643
WEST BENGAL,2002,0.876686

ANDHRA PRADESH,2003,0.418618
ASSAM ,2003,0.704507
BIHAR ,2003,1.23794
CHHATTISGARH ,2003,0.602998
DADRA AND NAGAR HAVELI,2003,0.881993
DELHI ,2003,1.41045
GUJARAT ,2003,0.869565
HARYANA ,2003,1.20122
JHARKHAND ,2003,1.43204
KARNATAKA ,2003,0.375062
MADHYA PRADESH,2003,0.809001
MAHARASHTRA ,2003,0.662334
MANIPUR ,2003,0.5
MEGHALYA ,2003,0.786946
MIZORAM ,2003,0.651079
NAGALAND ,2003,0.933333
ORISSA ,2003,0.700088
PUNJAB ,2003,0.927835
RAJASTHAN ,2003,0.813035
TAMIL NADU,2003,0.611725
UTTAR PRADESH,2003,1.09768
UTTARANCHAL ,2003,0.740571
WEST BENGAL,2003,1.06457

ANDHRA PRADESH,2004,0.455999
ASSAM ,2004,0.705629
BIHAR ,2004,1.23394
CHHATTISGARH ,2004,0.511991
DADRA AND NAGAR HAVELI,2004,0.849888
DELHI ,2004,1.42857
GUJARAT ,2004,0.927673
HARYANA ,2004,1.04297
JHARKHAND ,2004,1.49087
KARNATAKA ,2004,0.517878
MADHYA PRADESH,2004,0.775
MAHARASHTRA ,2004,0.612849
MEGHALYA ,2004,0.840132
NAGALAND ,2004,0.9375
PUNJAB ,2004,0.865169
TAMIL NADU,2004,0.667473
UTTARANCHAL ,2004,0.644845
WEST BENGAL,2004,0.711681

ANDHRA PRADESH,1998,0.433469
ASSAM ,1998,0.7038
BIHAR ,1998,1.50466
CHANDIGARH ,1998,1
GUJARAT ,1998,0.95168
HARYANA ,1998,0.947568
HIMACHAL PRADESH,1998,0.234375
KARNATAKA ,1998,0.465828
MEGHALYA ,1998,0.787456
PUNJAB ,1998,0.62069
TAMIL NADU,1998,0.874612

ASSAM ,1999,0.702174
BIHAR ,1999,1.24193
CHANDIGARH ,1999,1
DADRA AND NAGAR HAVELI,1999,1.15019
GUJARAT ,1999,0.81229
HARYANA ,1999,0.842648
HIMACHAL PRADESH,1999,0.212903
KARNATAKA ,1999,0.569837
MADHYA PRADESH,1999,0.904001
MAHARASHTRA ,1999,0.83399
MEGHALYA ,1999,0.742824
NAGALAND ,1999,0.745342
ORISSA ,1999,0.8
PUNJAB ,1999,0.837209
RAJASTHAN ,1999,0.609045
TAMIL NADU,1999,0.710977
UTTAR PRADESH,1999,1.27871
WEST BENGAL,1999,0.753981

ANDHRA PRADESH,2000,0.426823
ASSAM ,2000,0.708654
BIHAR ,2000,1.34983
CHANDIGARH ,2000,0
CHHATTISGARH ,2000,0.428994
DADRA AND NAGAR HAVELI,2000,0.735334
GUJARAT ,2000,0.337213
HARYANA ,2000,0.766469
HIMACHAL PRADESH,2000,0.161765
KARNATAKA ,2000,0.452213
MADHYA PRADESH,2000,0.667993
MAHARASHTRA ,2000,0.602409
MEGHALYA ,2000,0.742758
MIZORAM ,2000,2.35616
NAGALAND ,2000,1.125
ORISSA ,2000,0.651518
PUNJAB ,2000,0.873563
RAJASTHAN ,2000,0.386178
TAMIL NADU,2000,0.712434
UTTAR PRADESH,2000,1.25372
UTTARANCHAL ,2000,0.519048
WEST BENGAL,2000,0.668696

ANDHRA PRADESH,2001,0.448566
ASSAM ,2001,0.708264
BIHAR ,2001,1.28257
CHHATTISGARH ,2001,0.401009
DADRA AND NAGAR HAVELI,2001,0.970748
GUJARAT ,2001,0.562744
HARYANA ,2001,0.776406
HIMACHAL PRADESH,2001,0.229054
KARNATAKA ,2001,0.305822
MADHYA PRADESH,2001,0.817999
MAHARASHTRA ,2001,0.757495
MEGHALYA ,2001,0.771394
MIZORAM ,2001,0.747899
NAGALAND ,2001,0.714286
ORISSA ,2001,0.644932
PUNJAB ,2001,0.858696
RAJASTHAN ,2001,0.575719
TAMIL NADU,2001,0.651125
UTTAR PRADESH,2001,1.15727
UTTARANCHAL ,2001,0.544467
WEST BENGAL,2001,0.74539

ANDHRA PRADESH,2002,0.347917
ASSAM ,2002,0.707401
BIHAR ,2002,1.14029
CHHATTISGARH ,2002,0.433002
DADRA AND NAGAR HAVELI,2002,0.970672
GUJARAT ,2002,0.629914
HARYANA ,2002,0.822244
HIMACHAL PRADESH,2002,0.155689
JHARKHAND ,2002,1.66613
KARNATAKA ,2002,0.468449
MADHYA PRADESH,2002,0.613998
MAHARASHTRA ,2002,0.733182
MEGHALYA ,2002,0.780247
MIZORAM ,2002,0.579957
NAGALAND ,2002,0.548387
ORISSA ,2002,0.64327
PUNJAB ,2002,0.858974
RAJASTHAN ,2002,0.235557
TAMIL NADU,2002,0.545403
UTTARANCHAL ,2002,0.479643
WEST BENGAL,2002,0.876686

ANDHRA PRADESH,2003,0.418618
ASSAM ,2003,0.704507
BIHAR ,2003,1.23794
CHHATTISGARH ,2003,0.602998
DADRA AND NAGAR HAVELI,2003,0.881993
DELHI ,2003,1.41045
GUJARAT ,2003,0.869565
HARYANA ,2003,1.20122
JHARKHAND ,2003,1.43204
KARNATAKA ,2003,0.375062
MADHYA PRADESH,2003,0.809001
MAHARASHTRA ,2003,0.662334
MANIPUR ,2003,0.5
MEGHALYA ,2003,0.786946
MIZORAM ,2003,0.651079
NAGALAND ,2003,0.933333
ORISSA ,2003,0.700088
PUNJAB ,2003,0.927835
RAJASTHAN ,2003,0.813035
TAMIL NADU,2003,0.611725
UTTAR PRADESH,2003,1.09768
UTTARANCHAL ,2003,0.740571
WEST BENGAL,2003,1.06457

ANDHRA PRADESH,2004,0.455999
ASSAM ,2004,0.705629
BIHAR ,2004,1.23394
CHHATTISGARH ,2004,0.511991
DADRA AND NAGAR HAVELI,2004,0.849888
DELHI ,2004,1.42857
GUJARAT ,2004,0.927673
HARYANA ,2004,1.04297
JHARKHAND ,2004,1.49087
KARNATAKA ,2004,0.517878
MADHYA PRADESH,2004,0.775
MAHARASHTRA ,2004,0.612849
MEGHALYA ,2004,0.840132
NAGALAND ,2004,0.9375
PUNJAB ,2004,0.865169
TAMIL NADU,2004,0.667473
UTTARANCHAL ,2004,0.644845
WEST BENGAL,2004,0.711681

ANDHRA PRADESH,2005,0.607931
ASSAM ,2005,0.699676
BIHAR ,2005,1.3218
CHHATTISGARH ,2005,0.443029
DADRA AND NAGAR HAVELI,2005,1.08972
DELHI ,2005,1.50331
GUJARAT ,2005,1.04664
HARYANA ,2005,0.811521
HIMACHAL PRADESH,2005,0.465116
JHARKHAND ,2005,1.26528
KARNATAKA ,2005,0.679851
MADHYA PRADESH,2005,0.744
MAHARASHTRA ,2005,0.709753
MEGHALYA ,2005,0.787313
MIZORAM ,2005,0.95858
NAGALAND ,2005,0.95
PUNJAB ,2005,0.884615
RAJASTHAN ,2005,0.649451
TAMIL NADU,2005,0.540125
UTTARANCHAL ,2005,0.545906
WEST BENGAL,2005,0.865574

ANDHRA PRADESH,1998,0.433469
ASSAM ,1998,0.7038
BIHAR ,1998,1.50466
CHANDIGARH ,1998,1
GUJARAT ,1998,0.95168
HARYANA ,1998,0.947568
HIMACHAL PRADESH,1998,0.234375
KARNATAKA ,1998,0.465828
MEGHALYA ,1998,0.787456
PUNJAB ,1998,0.62069
TAMIL NADU,1998,0.874612

ASSAM ,1999,0.702174
BIHAR ,1999,1.24193
CHANDIGARH ,1999,1
DADRA AND NAGAR HAVELI,1999,1.15019
GUJARAT ,1999,0.81229
HARYANA ,1999,0.842648
HIMACHAL PRADESH,1999,0.212903
KARNATAKA ,1999,0.569837
MADHYA PRADESH,1999,0.904001
MAHARASHTRA ,1999,0.83399
MEGHALYA ,1999,0.742824
NAGALAND ,1999,0.745342
ORISSA ,1999,0.8
PUNJAB ,1999,0.837209
RAJASTHAN ,1999,0.609045
TAMIL NADU,1999,0.710977
UTTAR PRADESH,1999,1.27871
WEST BENGAL,1999,0.753981

ANDHRA PRADESH,2000,0.426823
ASSAM ,2000,0.708654
BIHAR ,2000,1.34983
CHANDIGARH ,2000,0
CHHATTISGARH ,2000,0.428994
DADRA AND NAGAR HAVELI,2000,0.735334
GUJARAT ,2000,0.337213
HARYANA ,2000,0.766469
HIMACHAL PRADESH,2000,0.161765
KARNATAKA ,2000,0.452213
MADHYA PRADESH,2000,0.667993
MAHARASHTRA ,2000,0.602409
MEGHALYA ,2000,0.742758
MIZORAM ,2000,2.35616
NAGALAND ,2000,1.125
ORISSA ,2000,0.651518
PUNJAB ,2000,0.873563
RAJASTHAN ,2000,0.386178
TAMIL NADU,2000,0.712434
UTTAR PRADESH,2000,1.25372
UTTARANCHAL ,2000,0.519048
WEST BENGAL,2000,0.668696

ANDHRA PRADESH,2001,0.448566
ASSAM ,2001,0.708264
BIHAR ,2001,1.28257
CHHATTISGARH ,2001,0.401009
DADRA AND NAGAR HAVELI,2001,0.970748
GUJARAT ,2001,0.562744
HARYANA ,2001,0.776406
HIMACHAL PRADESH,2001,0.229054
KARNATAKA ,2001,0.305822
MADHYA PRADESH,2001,0.817999
MAHARASHTRA ,2001,0.757495
MEGHALYA ,2001,0.771394
MIZORAM ,2001,0.747899
NAGALAND ,2001,0.714286
ORISSA ,2001,0.644932
PUNJAB ,2001,0.858696
RAJASTHAN ,2001,0.575719
TAMIL NADU,2001,0.651125
UTTAR PRADESH,2001,1.15727
UTTARANCHAL ,2001,0.544467
WEST BENGAL,2001,0.74539

ANDHRA PRADESH,2002,0.347917
ASSAM ,2002,0.707401
BIHAR ,2002,1.14029
CHHATTISGARH ,2002,0.433002
DADRA AND NAGAR HAVELI,2002,0.970672
GUJARAT ,2002,0.629914
HARYANA ,2002,0.822244
HIMACHAL PRADESH,2002,0.155689
JHARKHAND ,2002,1.66613
KARNATAKA ,2002,0.468449
MADHYA PRADESH,2002,0.613998
MAHARASHTRA ,2002,0.733182
MEGHALYA ,2002,0.780247
MIZORAM ,2002,0.579957
NAGALAND ,2002,0.548387
ORISSA ,2002,0.64327
PUNJAB ,2002,0.858974
RAJASTHAN ,2002,0.235557
TAMIL NADU,2002,0.545403
UTTARANCHAL ,2002,0.479643
WEST BENGAL,2002,0.876686

ANDHRA PRADESH,2003,0.418618
ASSAM ,2003,0.704507
BIHAR ,2003,1.23794
CHHATTISGARH ,2003,0.602998
DADRA AND NAGAR HAVELI,2003,0.881993
DELHI ,2003,1.41045
GUJARAT ,2003,0.869565
HARYANA ,2003,1.20122
JHARKHAND ,2003,1.43204
KARNATAKA ,2003,0.375062
MADHYA PRADESH,2003,0.809001
MAHARASHTRA ,2003,0.662334
MANIPUR ,2003,0.5
MEGHALYA ,2003,0.786946
MIZORAM ,2003,0.651079
NAGALAND ,2003,0.933333
ORISSA ,2003,0.700088
PUNJAB ,2003,0.927835
RAJASTHAN ,2003,0.813035
TAMIL NADU,2003,0.611725
UTTAR PRADESH,2003,1.09768
UTTARANCHAL ,2003,0.740571
WEST BENGAL,2003,1.06457

ANDHRA PRADESH,2004,0.455999
ASSAM ,2004,0.705629
BIHAR ,2004,1.23394
CHHATTISGARH ,2004,0.511991
DADRA AND NAGAR HAVELI,2004,0.849888
DELHI ,2004,1.42857
GUJARAT ,2004,0.927673
HARYANA ,2004,1.04297
JHARKHAND ,2004,1.49087
KARNATAKA ,2004,0.517878
MADHYA PRADESH,2004,0.775
MAHARASHTRA ,2004,0.612849
MEGHALYA ,2004,0.840132
NAGALAND ,2004,0.9375
PUNJAB ,2004,0.865169
TAMIL NADU,2004,0.667473
UTTARANCHAL ,2004,0.644845
WEST BENGAL,2004,0.711681

ANDHRA PRADESH,2005,0.607931
ASSAM ,2005,0.699676
BIHAR ,2005,1.3218
CHHATTISGARH ,2005,0.443029
DADRA AND NAGAR HAVELI,2005,1.08972
DELHI ,2005,1.50331
GUJARAT ,2005,1.04664
HARYANA ,2005,0.811521
HIMACHAL PRADESH,2005,0.465116
JHARKHAND ,2005,1.26528
KARNATAKA ,2005,0.679851
MADHYA PRADESH,2005,0.744
MAHARASHTRA ,2005,0.709753
MEGHALYA ,2005,0.787313
MIZORAM ,2005,0.95858
NAGALAND ,2005,0.95
PUNJAB ,2005,0.884615
RAJASTHAN ,2005,0.649451
TAMIL NADU,2005,0.540125
UTTARANCHAL ,2005,0.545906
WEST BENGAL,2005,0.865574

ANDHRA PRADESH,2006,0.400855
BIHAR ,2006,1.24268
CHHATTISGARH ,2006,0.42613
DELHI ,2006,1.5013
GUJARAT ,2006,0.838396
HARYANA ,2006,1.08712
HIMACHAL PRADESH,2006,0.34
JHARKHAND ,2006,1.27893
KARNATAKA ,2006,0.440951
MAHARASHTRA ,2006,0.725637
NAGALAND ,2006,1.19412
PUNJAB ,2006,0.934426
RAJASTHAN ,2006,0.500512
TAMIL NADU,2006,0.732448
UTTAR PRADESH,2006,0.748664
UTTARANCHAL ,2006,0.544609
WEST BENGAL,2006,0.690802

ANDHRA PRADESH,1998,0.433469
ASSAM ,1998,0.7038
BIHAR ,1998,1.50466
CHANDIGARH ,1998,1
GUJARAT ,1998,0.95168
HARYANA ,1998,0.947568
HIMACHAL PRADESH,1998,0.234375
KARNATAKA ,1998,0.465828
MEGHALYA ,1998,0.787456
PUNJAB ,1998,0.62069
TAMIL NADU,1998,0.874612

ASSAM ,1999,0.702174
BIHAR ,1999,1.24193
CHANDIGARH ,1999,1
DADRA AND NAGAR HAVELI,1999,1.15019
GUJARAT ,1999,0.81229
HARYANA ,1999,0.842648
HIMACHAL PRADESH,1999,0.212903
KARNATAKA ,1999,0.569837
MADHYA PRADESH,1999,0.904001
MAHARASHTRA ,1999,0.83399
MEGHALYA ,1999,0.742824
NAGALAND ,1999,0.745342
ORISSA ,1999,0.8
PUNJAB ,1999,0.837209
RAJASTHAN ,1999,0.609045
TAMIL NADU,1999,0.710977
UTTAR PRADESH,1999,1.27871
WEST BENGAL,1999,0.753981

ANDHRA PRADESH,2000,0.426823
ASSAM ,2000,0.708654
BIHAR ,2000,1.34983
CHANDIGARH ,2000,0
CHHATTISGARH ,2000,0.428994
DADRA AND NAGAR HAVELI,2000,0.735334
GUJARAT ,2000,0.337213
HARYANA ,2000,0.766469
HIMACHAL PRADESH,2000,0.161765
KARNATAKA ,2000,0.452213
MADHYA PRADESH,2000,0.667993
MAHARASHTRA ,2000,0.602409
MEGHALYA ,2000,0.742758
MIZORAM ,2000,2.35616
NAGALAND ,2000,1.125
ORISSA ,2000,0.651518
PUNJAB ,2000,0.873563
RAJASTHAN ,2000,0.386178
TAMIL NADU,2000,0.712434
UTTAR PRADESH,2000,1.25372
UTTARANCHAL ,2000,0.519048
WEST BENGAL,2000,0.668696

ANDHRA PRADESH,2001,0.448566
ASSAM ,2001,0.708264
BIHAR ,2001,1.28257
CHHATTISGARH ,2001,0.401009
DADRA AND NAGAR HAVELI,2001,0.970748
GUJARAT ,2001,0.562744
HARYANA ,2001,0.776406
HIMACHAL PRADESH,2001,0.229054
KARNATAKA ,2001,0.305822
MADHYA PRADESH,2001,0.817999
MAHARASHTRA ,2001,0.757495
MEGHALYA ,2001,0.771394
MIZORAM ,2001,0.747899
NAGALAND ,2001,0.714286
ORISSA ,2001,0.644932
PUNJAB ,2001,0.858696
RAJASTHAN ,2001,0.575719
TAMIL NADU,2001,0.651125
UTTAR PRADESH,2001,1.15727
UTTARANCHAL ,2001,0.544467
WEST BENGAL,2001,0.74539

ANDHRA PRADESH,2002,0.347917
ASSAM ,2002,0.707401
BIHAR ,2002,1.14029
CHHATTISGARH ,2002,0.433002
DADRA AND NAGAR HAVELI,2002,0.970672
GUJARAT ,2002,0.629914
HARYANA ,2002,0.822244
HIMACHAL PRADESH,2002,0.155689
JHARKHAND ,2002,1.66613
KARNATAKA ,2002,0.468449
MADHYA PRADESH,2002,0.613998
MAHARASHTRA ,2002,0.733182
MEGHALYA ,2002,0.780247
MIZORAM ,2002,0.579957
NAGALAND ,2002,0.548387
ORISSA ,2002,0.64327
PUNJAB ,2002,0.858974
RAJASTHAN ,2002,0.235557
TAMIL NADU,2002,0.545403
UTTARANCHAL ,2002,0.479643
WEST BENGAL,2002,0.876686

ANDHRA PRADESH,2003,0.418618
ASSAM ,2003,0.704507
BIHAR ,2003,1.23794
CHHATTISGARH ,2003,0.602998
DADRA AND NAGAR HAVELI,2003,0.881993
DELHI ,2003,1.41045
GUJARAT ,2003,0.869565
HARYANA ,2003,1.20122
JHARKHAND ,2003,1.43204
KARNATAKA ,2003,0.375062
MADHYA PRADESH,2003,0.809001
MAHARASHTRA ,2003,0.662334
MANIPUR ,2003,0.5
MEGHALYA ,2003,0.786946
MIZORAM ,2003,0.651079
NAGALAND ,2003,0.933333
ORISSA ,2003,0.700088
PUNJAB ,2003,0.927835
RAJASTHAN ,2003,0.813035
TAMIL NADU,2003,0.611725
UTTAR PRADESH,2003,1.09768
UTTARANCHAL ,2003,0.740571
WEST BENGAL,2003,1.06457

ANDHRA PRADESH,2004,0.455999
ASSAM ,2004,0.705629
BIHAR ,2004,1.23394
CHHATTISGARH ,2004,0.511991
DADRA AND NAGAR HAVELI,2004,0.849888
DELHI ,2004,1.42857
GUJARAT ,2004,0.927673
HARYANA ,2004,1.04297
JHARKHAND ,2004,1.49087
KARNATAKA ,2004,0.517878
MADHYA PRADESH,2004,0.775
MAHARASHTRA ,2004,0.612849
MEGHALYA ,2004,0.840132
NAGALAND ,2004,0.9375
PUNJAB ,2004,0.865169
TAMIL NADU,2004,0.667473
UTTARANCHAL ,2004,0.644845
WEST BENGAL,2004,0.711681

ANDHRA PRADESH,2005,0.607931
ASSAM ,2005,0.699676
BIHAR ,2005,1.3218
CHHATTISGARH ,2005,0.443029
DADRA AND NAGAR HAVELI,2005,1.08972
DELHI ,2005,1.50331
GUJARAT ,2005,1.04664
HARYANA ,2005,0.811521
HIMACHAL PRADESH,2005,0.465116
JHARKHAND ,2005,1.26528
KARNATAKA ,2005,0.679851
MADHYA PRADESH,2005,0.744
MAHARASHTRA ,2005,0.709753
MEGHALYA ,2005,0.787313
MIZORAM ,2005,0.95858
NAGALAND ,2005,0.95
PUNJAB ,2005,0.884615
RAJASTHAN ,2005,0.649451
TAMIL NADU,2005,0.540125
UTTARANCHAL ,2005,0.545906
WEST BENGAL,2005,0.865574

ANDHRA PRADESH,2006,0.400855
BIHAR ,2006,1.24268
CHHATTISGARH ,2006,0.42613
DELHI ,2006,1.5013
GUJARAT ,2006,0.838396
HARYANA ,2006,1.08712
HIMACHAL PRADESH,2006,0.34
JHARKHAND ,2006,1.27893
KARNATAKA ,2006,0.440951
MAHARASHTRA ,2006,0.725637
NAGALAND ,2006,1.19412
PUNJAB ,2006,0.934426
RAJASTHAN ,2006,0.500512
TAMIL NADU,2006,0.732448
UTTAR PRADESH,2006,0.748664
UTTARANCHAL ,2006,0.544609
WEST BENGAL,2006,0.690802

ANDAMAN AND NICOBAR,2007,5.375
ANDHRA PRADESH,2007,0.652268
ASSAM ,2007,0.717801
BIHAR ,2007,1.3826
CHHATTISGARH ,2007,0.52148
GUJARAT ,2007,1.10977
HARYANA ,2007,1.06328
HIMACHAL PRADESH,2007,0.346939
JHARKHAND ,2007,1.45784
KARNATAKA ,2007,0.66353
KERALA ,2007,0.756372
MADHYA PRADESH,2007,0.643001
MAHARASHTRA ,2007,0.928048
MEGHALYA ,2007,0.788557
NAGALAND ,2007,1.2125
PUNJAB ,2007,0.895833
RAJASTHAN ,2007,0.877798
TAMIL NADU,2007,0.701234
UTTAR PRADESH,2007,0.890525
UTTARANCHAL ,2007,0.757503
WEST BENGAL,2007,0.810392

ANDHRA PRADESH,1998,0.433469
ASSAM ,1998,0.7038
BIHAR ,1998,1.50466
CHANDIGARH ,1998,1
GUJARAT ,1998,0.95168
HARYANA ,1998,0.947568
HIMACHAL PRADESH,1998,0.234375
KARNATAKA ,1998,0.465828
MEGHALYA ,1998,0.787456
PUNJAB ,1998,0.62069
TAMIL NADU,1998,0.874612

ASSAM ,1999,0.702174
BIHAR ,1999,1.24193
CHANDIGARH ,1999,1
DADRA AND NAGAR HAVELI,1999,1.15019
GUJARAT ,1999,0.81229
HARYANA ,1999,0.842648
HIMACHAL PRADESH,1999,0.212903
KARNATAKA ,1999,0.569837
MADHYA PRADESH,1999,0.904001
MAHARASHTRA ,1999,0.83399
MEGHALYA ,1999,0.742824
NAGALAND ,1999,0.745342
ORISSA ,1999,0.8
PUNJAB ,1999,0.837209
RAJASTHAN ,1999,0.609045
TAMIL NADU,1999,0.710977
UTTAR PRADESH,1999,1.27871
WEST BENGAL,1999,0.753981

ANDHRA PRADESH,2000,0.426823
ASSAM ,2000,0.708654
BIHAR ,2000,1.34983
CHANDIGARH ,2000,0
CHHATTISGARH ,2000,0.428994
DADRA AND NAGAR HAVELI,2000,0.735334
GUJARAT ,2000,0.337213
HARYANA ,2000,0.766469
HIMACHAL PRADESH,2000,0.161765
KARNATAKA ,2000,0.452213
MADHYA PRADESH,2000,0.667993
MAHARASHTRA ,2000,0.602409
MEGHALYA ,2000,0.742758
MIZORAM ,2000,2.35616
NAGALAND ,2000,1.125
ORISSA ,2000,0.651518
PUNJAB ,2000,0.873563
RAJASTHAN ,2000,0.386178
TAMIL NADU,2000,0.712434
UTTAR PRADESH,2000,1.25372
UTTARANCHAL ,2000,0.519048
WEST BENGAL,2000,0.668696

ANDHRA PRADESH,2001,0.448566
ASSAM ,2001,0.708264
BIHAR ,2001,1.28257
CHHATTISGARH ,2001,0.401009
DADRA AND NAGAR HAVELI,2001,0.970748
GUJARAT ,2001,0.562744
HARYANA ,2001,0.776406
HIMACHAL PRADESH,2001,0.229054
KARNATAKA ,2001,0.305822
MADHYA PRADESH,2001,0.817999
MAHARASHTRA ,2001,0.757495
MEGHALYA ,2001,0.771394
MIZORAM ,2001,0.747899
NAGALAND ,2001,0.714286
ORISSA ,2001,0.644932
PUNJAB ,2001,0.858696
RAJASTHAN ,2001,0.575719
TAMIL NADU,2001,0.651125
UTTAR PRADESH,2001,1.15727
UTTARANCHAL ,2001,0.544467
WEST BENGAL,2001,0.74539

ANDHRA PRADESH,2002,0.347917
ASSAM ,2002,0.707401
BIHAR ,2002,1.14029
CHHATTISGARH ,2002,0.433002
DADRA AND NAGAR HAVELI,2002,0.970672
GUJARAT ,2002,0.629914
HARYANA ,2002,0.822244
HIMACHAL PRADESH,2002,0.155689
JHARKHAND ,2002,1.66613
KARNATAKA ,2002,0.468449
MADHYA PRADESH,2002,0.613998
MAHARASHTRA ,2002,0.733182
MEGHALYA ,2002,0.780247
MIZORAM ,2002,0.579957
NAGALAND ,2002,0.548387
ORISSA ,2002,0.64327
PUNJAB ,2002,0.858974
RAJASTHAN ,2002,0.235557
TAMIL NADU,2002,0.545403
UTTARANCHAL ,2002,0.479643
WEST BENGAL,2002,0.876686

ANDHRA PRADESH,2003,0.418618
ASSAM ,2003,0.704507
BIHAR ,2003,1.23794
CHHATTISGARH ,2003,0.602998
DADRA AND NAGAR HAVELI,2003,0.881993
DELHI ,2003,1.41045
GUJARAT ,2003,0.869565
HARYANA ,2003,1.20122
JHARKHAND ,2003,1.43204
KARNATAKA ,2003,0.375062
MADHYA PRADESH,2003,0.809001
MAHARASHTRA ,2003,0.662334
MANIPUR ,2003,0.5
MEGHALYA ,2003,0.786946
MIZORAM ,2003,0.651079
NAGALAND ,2003,0.933333
ORISSA ,2003,0.700088
PUNJAB ,2003,0.927835
RAJASTHAN ,2003,0.813035
TAMIL NADU,2003,0.611725
UTTAR PRADESH,2003,1.09768
UTTARANCHAL ,2003,0.740571
WEST BENGAL,2003,1.06457

ANDHRA PRADESH,2004,0.455999
ASSAM ,2004,0.705629
BIHAR ,2004,1.23394
CHHATTISGARH ,2004,0.511991
DADRA AND NAGAR HAVELI,2004,0.849888
DELHI ,2004,1.42857
GUJARAT ,2004,0.927673
HARYANA ,2004,1.04297
JHARKHAND ,2004,1.49087
KARNATAKA ,2004,0.517878
MADHYA PRADESH,2004,0.775
MAHARASHTRA ,2004,0.612849
MEGHALYA ,2004,0.840132
NAGALAND ,2004,0.9375
PUNJAB ,2004,0.865169
TAMIL NADU,2004,0.667473
UTTARANCHAL ,2004,0.644845
WEST BENGAL,2004,0.711681

ANDHRA PRADESH,2005,0.607931
ASSAM ,2005,0.699676
BIHAR ,2005,1.3218
CHHATTISGARH ,2005,0.443029
DADRA AND NAGAR HAVELI,2005,1.08972
DELHI ,2005,1.50331
GUJARAT ,2005,1.04664
HARYANA ,2005,0.811521
HIMACHAL PRADESH,2005,0.465116
JHARKHAND ,2005,1.26528
KARNATAKA ,2005,0.679851
MADHYA PRADESH,2005,0.744
MAHARASHTRA ,2005,0.709753
MEGHALYA ,2005,0.787313
MIZORAM ,2005,0.95858
NAGALAND ,2005,0.95
PUNJAB ,2005,0.884615
RAJASTHAN ,2005,0.649451
TAMIL NADU,2005,0.540125
UTTARANCHAL ,2005,0.545906
WEST BENGAL,2005,0.865574

ANDHRA PRADESH,2006,0.400855
BIHAR ,2006,1.24268
CHHATTISGARH ,2006,0.42613
DELHI ,2006,1.5013
GUJARAT ,2006,0.838396
HARYANA ,2006,1.08712
HIMACHAL PRADESH,2006,0.34
JHARKHAND ,2006,1.27893
KARNATAKA ,2006,0.440951
MAHARASHTRA ,2006,0.725637
NAGALAND ,2006,1.19412
PUNJAB ,2006,0.934426
RAJASTHAN ,2006,0.500512
TAMIL NADU,2006,0.732448
UTTAR PRADESH,2006,0.748664
UTTARANCHAL ,2006,0.544609
WEST BENGAL,2006,0.690802

ANDAMAN AND NICOBAR,2007,5.375
ANDHRA PRADESH,2007,0.652268
ASSAM ,2007,0.717801
BIHAR ,2007,1.3826
CHHATTISGARH ,2007,0.52148
GUJARAT ,2007,1.10977
HARYANA ,2007,1.06328
HIMACHAL PRADESH,2007,0.346939
JHARKHAND ,2007,1.45784
KARNATAKA ,2007,0.66353
KERALA ,2007,0.756372
MADHYA PRADESH,2007,0.643001
MAHARASHTRA ,2007,0.928048
MEGHALYA ,2007,0.788557
NAGALAND ,2007,1.2125
PUNJAB ,2007,0.895833
RAJASTHAN ,2007,0.877798
TAMIL NADU,2007,0.701234
UTTAR PRADESH,2007,0.890525
UTTARANCHAL ,2007,0.757503
WEST BENGAL,2007,0.810392

ANDAMAN AND NICOBAR,2008,0.70229
ANDHRA PRADESH,2008,0.454822
ASSAM ,2008,0.709948
BIHAR ,2008,1.17796
CHHATTISGARH ,2008,0.582556
GUJARAT ,2008,0.987223
HARYANA ,2008,1.07086
HIMACHAL PRADESH,2008,0.133333
KARNATAKA ,2008,0.525145
MADHYA PRADESH,2008,0.813587
MAHARASHTRA ,2008,0.599802
MEGHALYA ,2008,0.789673
NAGALAND ,2008,0.970149
PUNJAB ,2008,0.913043
RAJASTHAN ,2008,0.740676
TAMIL NADU,2008,0.607758
UTTAR PRADESH,2008,0.914021
UTTARANCHAL ,2008,0.717583
WEST BENGAL,2008,0.842607

ANDHRA PRADESH,1998,0.433469
ASSAM ,1998,0.7038
BIHAR ,1998,1.50466
CHANDIGARH ,1998,1
GUJARAT ,1998,0.95168
HARYANA ,1998,0.947568
HIMACHAL PRADESH,1998,0.234375
KARNATAKA ,1998,0.465828
MEGHALYA ,1998,0.787456
PUNJAB ,1998,0.62069
TAMIL NADU,1998,0.874612

ASSAM ,1999,0.702174
BIHAR ,1999,1.24193
CHANDIGARH ,1999,1
DADRA AND NAGAR HAVELI,1999,1.15019
GUJARAT ,1999,0.81229
HARYANA ,1999,0.842648
HIMACHAL PRADESH,1999,0.212903
KARNATAKA ,1999,0.569837
MADHYA PRADESH,1999,0.904001
MAHARASHTRA ,1999,0.83399
MEGHALYA ,1999,0.742824
NAGALAND ,1999,0.745342
ORISSA ,1999,0.8
PUNJAB ,1999,0.837209
RAJASTHAN ,1999,0.609045
TAMIL NADU,1999,0.710977
UTTAR PRADESH,1999,1.27871
WEST BENGAL,1999,0.753981

ANDHRA PRADESH,2000,0.426823
ASSAM ,2000,0.708654
BIHAR ,2000,1.34983
CHANDIGARH ,2000,0
CHHATTISGARH ,2000,0.428994
DADRA AND NAGAR HAVELI,2000,0.735334
GUJARAT ,2000,0.337213
HARYANA ,2000,0.766469
HIMACHAL PRADESH,2000,0.161765
KARNATAKA ,2000,0.452213
MADHYA PRADESH,2000,0.667993
MAHARASHTRA ,2000,0.602409
MEGHALYA ,2000,0.742758
MIZORAM ,2000,2.35616
NAGALAND ,2000,1.125
ORISSA ,2000,0.651518
PUNJAB ,2000,0.873563
RAJASTHAN ,2000,0.386178
TAMIL NADU,2000,0.712434
UTTAR PRADESH,2000,1.25372
UTTARANCHAL ,2000,0.519048
WEST BENGAL,2000,0.668696

ANDHRA PRADESH,2001,0.448566
ASSAM ,2001,0.708264
BIHAR ,2001,1.28257
CHHATTISGARH ,2001,0.401009
DADRA AND NAGAR HAVELI,2001,0.970748
GUJARAT ,2001,0.562744
HARYANA ,2001,0.776406
HIMACHAL PRADESH,2001,0.229054
KARNATAKA ,2001,0.305822
MADHYA PRADESH,2001,0.817999
MAHARASHTRA ,2001,0.757495
MEGHALYA ,2001,0.771394
MIZORAM ,2001,0.747899
NAGALAND ,2001,0.714286
ORISSA ,2001,0.644932
PUNJAB ,2001,0.858696
RAJASTHAN ,2001,0.575719
TAMIL NADU,2001,0.651125
UTTAR PRADESH,2001,1.15727
UTTARANCHAL ,2001,0.544467
WEST BENGAL,2001,0.74539

ANDHRA PRADESH,2002,0.347917
ASSAM ,2002,0.707401
BIHAR ,2002,1.14029
CHHATTISGARH ,2002,0.433002
DADRA AND NAGAR HAVELI,2002,0.970672
GUJARAT ,2002,0.629914
HARYANA ,2002,0.822244
HIMACHAL PRADESH,2002,0.155689
JHARKHAND ,2002,1.66613
KARNATAKA ,2002,0.468449
MADHYA PRADESH,2002,0.613998
MAHARASHTRA ,2002,0.733182
MEGHALYA ,2002,0.780247
MIZORAM ,2002,0.579957
NAGALAND ,2002,0.548387
ORISSA ,2002,0.64327
PUNJAB ,2002,0.858974
RAJASTHAN ,2002,0.235557
TAMIL NADU,2002,0.545403
UTTARANCHAL ,2002,0.479643
WEST BENGAL,2002,0.876686

ANDHRA PRADESH,2003,0.418618
ASSAM ,2003,0.704507
BIHAR ,2003,1.23794
CHHATTISGARH ,2003,0.602998
DADRA AND NAGAR HAVELI,2003,0.881993
DELHI ,2003,1.41045
GUJARAT ,2003,0.869565
HARYANA ,2003,1.20122
JHARKHAND ,2003,1.43204
KARNATAKA ,2003,0.375062
MADHYA PRADESH,2003,0.809001
MAHARASHTRA ,2003,0.662334
MANIPUR ,2003,0.5
MEGHALYA ,2003,0.786946
MIZORAM ,2003,0.651079
NAGALAND ,2003,0.933333
ORISSA ,2003,0.700088
PUNJAB ,2003,0.927835
RAJASTHAN ,2003,0.813035
TAMIL NADU,2003,0.611725
UTTAR PRADESH,2003,1.09768
UTTARANCHAL ,2003,0.740571
WEST BENGAL,2003,1.06457

ANDHRA PRADESH,2004,0.455999
ASSAM ,2004,0.705629
BIHAR ,2004,1.23394
CHHATTISGARH ,2004,0.511991
DADRA AND NAGAR HAVELI,2004,0.849888
DELHI ,2004,1.42857
GUJARAT ,2004,0.927673
HARYANA ,2004,1.04297
JHARKHAND ,2004,1.49087
KARNATAKA ,2004,0.517878
MADHYA PRADESH,2004,0.775
MAHARASHTRA ,2004,0.612849
MEGHALYA ,2004,0.840132
NAGALAND ,2004,0.9375
PUNJAB ,2004,0.865169
TAMIL NADU,2004,0.667473
UTTARANCHAL ,2004,0.644845
WEST BENGAL,2004,0.711681

ANDHRA PRADESH,2005,0.607931
ASSAM ,2005,0.699676
BIHAR ,2005,1.3218
CHHATTISGARH ,2005,0.443029
DADRA AND NAGAR HAVELI,2005,1.08972
DELHI ,2005,1.50331
GUJARAT ,2005,1.04664
HARYANA ,2005,0.811521
HIMACHAL PRADESH,2005,0.465116
JHARKHAND ,2005,1.26528
KARNATAKA ,2005,0.679851
MADHYA PRADESH,2005,0.744
MAHARASHTRA ,2005,0.709753
MEGHALYA ,2005,0.787313
MIZORAM ,2005,0.95858
NAGALAND ,2005,0.95
PUNJAB ,2005,0.884615
RAJASTHAN ,2005,0.649451
TAMIL NADU,2005,0.540125
UTTARANCHAL ,2005,0.545906
WEST BENGAL,2005,0.865574

ANDHRA PRADESH,2006,0.400855
BIHAR ,2006,1.24268
CHHATTISGARH ,2006,0.42613
DELHI ,2006,1.5013
GUJARAT ,2006,0.838396
HARYANA ,2006,1.08712
HIMACHAL PRADESH,2006,0.34
JHARKHAND ,2006,1.27893
KARNATAKA ,2006,0.440951
MAHARASHTRA ,2006,0.725637
NAGALAND ,2006,1.19412
PUNJAB ,2006,0.934426
RAJASTHAN ,2006,0.500512
TAMIL NADU,2006,0.732448
UTTAR PRADESH,2006,0.748664
UTTARANCHAL ,2006,0.544609
WEST BENGAL,2006,0.690802

ANDAMAN AND NICOBAR,2007,5.375
ANDHRA PRADESH,2007,0.652268
ASSAM ,2007,0.717801
BIHAR ,2007,1.3826
CHHATTISGARH ,2007,0.52148
GUJARAT ,2007,1.10977
HARYANA ,2007,1.06328
HIMACHAL PRADESH,2007,0.346939
JHARKHAND ,2007,1.45784
KARNATAKA ,2007,0.66353
KERALA ,2007,0.756372
MADHYA PRADESH,2007,0.643001
MAHARASHTRA ,2007,0.928048
MEGHALYA ,2007,0.788557
NAGALAND ,2007,1.2125
PUNJAB ,2007,0.895833
RAJASTHAN ,2007,0.877798
TAMIL NADU,2007,0.701234
UTTAR PRADESH,2007,0.890525
UTTARANCHAL ,2007,0.757503
WEST BENGAL,2007,0.810392

ANDAMAN AND NICOBAR,2008,0.70229
ANDHRA PRADESH,2008,0.454822
ASSAM ,2008,0.709948
BIHAR ,2008,1.17796
CHHATTISGARH ,2008,0.582556
GUJARAT ,2008,0.987223
HARYANA ,2008,1.07086
HIMACHAL PRADESH,2008,0.133333
KARNATAKA ,2008,0.525145
MADHYA PRADESH,2008,0.813587
MAHARASHTRA ,2008,0.599802
MEGHALYA ,2008,0.789673
NAGALAND ,2008,0.970149
PUNJAB ,2008,0.913043
RAJASTHAN ,2008,0.740676
TAMIL NADU,2008,0.607758
UTTAR PRADESH,2008,0.914021
UTTARANCHAL ,2008,0.717583
WEST BENGAL,2008,0.842607

ANDAMAN AND NICOBAR,2009,0.495468
ANDHRA PRADESH,2009,0.43805
ASSAM ,2009,0.712001
CHHATTISGARH ,2009,0.520861
GUJARAT ,2009,0.905851
HARYANA ,2009,1.088
KARNATAKA ,2009,0.461661
KERALA ,2009,0.761969
MAHARASHTRA ,2009,0.840743
MEGHALYA ,2009,0.783611
PUNJAB ,2009,0.972222
RAJASTHAN ,2009,0.323021
TAMIL NADU,2009,0.763386
UTTAR PRADESH,2009,0.661811
UTTARANCHAL ,2009,0.683584
WEST BENGAL,2009,0.770861

ANDHRA PRADESH,1998,0.433469
ASSAM ,1998,0.7038
BIHAR ,1998,1.50466
CHANDIGARH ,1998,1
GUJARAT ,1998,0.95168
HARYANA ,1998,0.947568
HIMACHAL PRADESH,1998,0.234375
KARNATAKA ,1998,0.465828
MEGHALYA ,1998,0.787456
PUNJAB ,1998,0.62069
TAMIL NADU,1998,0.874612

ASSAM ,1999,0.702174
BIHAR ,1999,1.24193
CHANDIGARH ,1999,1
DADRA AND NAGAR HAVELI,1999,1.15019
GUJARAT ,1999,0.81229
HARYANA ,1999,0.842648
HIMACHAL PRADESH,1999,0.212903
KARNATAKA ,1999,0.569837
MADHYA PRADESH,1999,0.904001
MAHARASHTRA ,1999,0.83399
MEGHALYA ,1999,0.742824
NAGALAND ,1999,0.745342
ORISSA ,1999,0.8
PUNJAB ,1999,0.837209
RAJASTHAN ,1999,0.609045
TAMIL NADU,1999,0.710977
UTTAR PRADESH,1999,1.27871
WEST BENGAL,1999,0.753981

ANDHRA PRADESH,2000,0.426823
ASSAM ,2000,0.708654
BIHAR ,2000,1.34983
CHANDIGARH ,2000,0
CHHATTISGARH ,2000,0.428994
DADRA AND NAGAR HAVELI,2000,0.735334
GUJARAT ,2000,0.337213
HARYANA ,2000,0.766469
HIMACHAL PRADESH,2000,0.161765
KARNATAKA ,2000,0.452213
MADHYA PRADESH,2000,0.667993
MAHARASHTRA ,2000,0.602409
MEGHALYA ,2000,0.742758
MIZORAM ,2000,2.35616
NAGALAND ,2000,1.125
ORISSA ,2000,0.651518
PUNJAB ,2000,0.873563
RAJASTHAN ,2000,0.386178
TAMIL NADU,2000,0.712434
UTTAR PRADESH,2000,1.25372
UTTARANCHAL ,2000,0.519048
WEST BENGAL,2000,0.668696

ANDHRA PRADESH,2001,0.448566
ASSAM ,2001,0.708264
BIHAR ,2001,1.28257
CHHATTISGARH ,2001,0.401009
DADRA AND NAGAR HAVELI,2001,0.970748
GUJARAT ,2001,0.562744
HARYANA ,2001,0.776406
HIMACHAL PRADESH,2001,0.229054
KARNATAKA ,2001,0.305822
MADHYA PRADESH,2001,0.817999
MAHARASHTRA ,2001,0.757495
MEGHALYA ,2001,0.771394
MIZORAM ,2001,0.747899
NAGALAND ,2001,0.714286
ORISSA ,2001,0.644932
PUNJAB ,2001,0.858696
RAJASTHAN ,2001,0.575719
TAMIL NADU,2001,0.651125
UTTAR PRADESH,2001,1.15727
UTTARANCHAL ,2001,0.544467
WEST BENGAL,2001,0.74539

ANDHRA PRADESH,2002,0.347917
ASSAM ,2002,0.707401
BIHAR ,2002,1.14029
CHHATTISGARH ,2002,0.433002
DADRA AND NAGAR HAVELI,2002,0.970672
GUJARAT ,2002,0.629914
HARYANA ,2002,0.822244
HIMACHAL PRADESH,2002,0.155689
JHARKHAND ,2002,1.66613
KARNATAKA ,2002,0.468449
MADHYA PRADESH,2002,0.613998
MAHARASHTRA ,2002,0.733182
MEGHALYA ,2002,0.780247
MIZORAM ,2002,0.579957
NAGALAND ,2002,0.548387
ORISSA ,2002,0.64327
PUNJAB ,2002,0.858974
RAJASTHAN ,2002,0.235557
TAMIL NADU,2002,0.545403
UTTARANCHAL ,2002,0.479643
WEST BENGAL,2002,0.876686

ANDHRA PRADESH,2003,0.418618
ASSAM ,2003,0.704507
BIHAR ,2003,1.23794
CHHATTISGARH ,2003,0.602998
DADRA AND NAGAR HAVELI,2003,0.881993
DELHI ,2003,1.41045
GUJARAT ,2003,0.869565
HARYANA ,2003,1.20122
JHARKHAND ,2003,1.43204
KARNATAKA ,2003,0.375062
MADHYA PRADESH,2003,0.809001
MAHARASHTRA ,2003,0.662334
MANIPUR ,2003,0.5
MEGHALYA ,2003,0.786946
MIZORAM ,2003,0.651079
NAGALAND ,2003,0.933333
ORISSA ,2003,0.700088
PUNJAB ,2003,0.927835
RAJASTHAN ,2003,0.813035
TAMIL NADU,2003,0.611725
UTTAR PRADESH,2003,1.09768
UTTARANCHAL ,2003,0.740571
WEST BENGAL,2003,1.06457

ANDHRA PRADESH,2004,0.455999
ASSAM ,2004,0.705629
BIHAR ,2004,1.23394
CHHATTISGARH ,2004,0.511991
DADRA AND NAGAR HAVELI,2004,0.849888
DELHI ,2004,1.42857
GUJARAT ,2004,0.927673
HARYANA ,2004,1.04297
JHARKHAND ,2004,1.49087
KARNATAKA ,2004,0.517878
MADHYA PRADESH,2004,0.775
MAHARASHTRA ,2004,0.612849
MEGHALYA ,2004,0.840132
NAGALAND ,2004,0.9375
PUNJAB ,2004,0.865169
TAMIL NADU,2004,0.667473
UTTARANCHAL ,2004,0.644845
WEST BENGAL,2004,0.711681

ANDHRA PRADESH,2005,0.607931
ASSAM ,2005,0.699676
BIHAR ,2005,1.3218
CHHATTISGARH ,2005,0.443029
DADRA AND NAGAR HAVELI,2005,1.08972
DELHI ,2005,1.50331
GUJARAT ,2005,1.04664
HARYANA ,2005,0.811521
HIMACHAL PRADESH,2005,0.465116
JHARKHAND ,2005,1.26528
KARNATAKA ,2005,0.679851
MADHYA PRADESH,2005,0.744
MAHARASHTRA ,2005,0.709753
MEGHALYA ,2005,0.787313
MIZORAM ,2005,0.95858
NAGALAND ,2005,0.95
PUNJAB ,2005,0.884615
RAJASTHAN ,2005,0.649451
TAMIL NADU,2005,0.540125
UTTARANCHAL ,2005,0.545906
WEST BENGAL,2005,0.865574

ANDHRA PRADESH,2006,0.400855
BIHAR ,2006,1.24268
CHHATTISGARH ,2006,0.42613
DELHI ,2006,1.5013
GUJARAT ,2006,0.838396
HARYANA ,2006,1.08712
HIMACHAL PRADESH,2006,0.34
JHARKHAND ,2006,1.27893
KARNATAKA ,2006,0.440951
MAHARASHTRA ,2006,0.725637
NAGALAND ,2006,1.19412
PUNJAB ,2006,0.934426
RAJASTHAN ,2006,0.500512
TAMIL NADU,2006,0.732448
UTTAR PRADESH,2006,0.748664
UTTARANCHAL ,2006,0.544609
WEST BENGAL,2006,0.690802

ANDAMAN AND NICOBAR,2007,5.375
ANDHRA PRADESH,2007,0.652268
ASSAM ,2007,0.717801
BIHAR ,2007,1.3826
CHHATTISGARH ,2007,0.52148
GUJARAT ,2007,1.10977
HARYANA ,2007,1.06328
HIMACHAL PRADESH,2007,0.346939
JHARKHAND ,2007,1.45784
KARNATAKA ,2007,0.66353
KERALA ,2007,0.756372
MADHYA PRADESH,2007,0.643001
MAHARASHTRA ,2007,0.928048
MEGHALYA ,2007,0.788557
NAGALAND ,2007,1.2125
PUNJAB ,2007,0.895833
RAJASTHAN ,2007,0.877798
TAMIL NADU,2007,0.701234
UTTAR PRADESH,2007,0.890525
UTTARANCHAL ,2007,0.757503
WEST BENGAL,2007,0.810392

ANDAMAN AND NICOBAR,2008,0.70229
ANDHRA PRADESH,2008,0.454822
ASSAM ,2008,0.709948
BIHAR ,2008,1.17796
CHHATTISGARH ,2008,0.582556
GUJARAT ,2008,0.987223
HARYANA ,2008,1.07086
HIMACHAL PRADESH,2008,0.133333
KARNATAKA ,2008,0.525145
MADHYA PRADESH,2008,0.813587
MAHARASHTRA ,2008,0.599802
MEGHALYA ,2008,0.789673
NAGALAND ,2008,0.970149
PUNJAB ,2008,0.913043
RAJASTHAN ,2008,0.740676
TAMIL NADU,2008,0.607758
UTTAR PRADESH,2008,0.914021
UTTARANCHAL ,2008,0.717583
WEST BENGAL,2008,0.842607

ANDAMAN AND NICOBAR,2009,0.495468
ANDHRA PRADESH,2009,0.43805
ASSAM ,2009,0.712001
CHHATTISGARH ,2009,0.520861
GUJARAT ,2009,0.905851
HARYANA ,2009,1.088
KARNATAKA ,2009,0.461661
KERALA ,2009,0.761969
MAHARASHTRA ,2009,0.840743
MEGHALYA ,2009,0.783611
PUNJAB ,2009,0.972222
RAJASTHAN ,2009,0.323021
TAMIL NADU,2009,0.763386
UTTAR PRADESH,2009,0.661811
UTTARANCHAL ,2009,0.683584
WEST BENGAL,2009,0.770861

ASSAM ,2010,0.714306
CHHATTISGARH ,2010,0.438541
GUJARAT ,2010,0.986267
HIMACHAL PRADESH,2010,0.333333
MAHARASHTRA ,2010,0.74952
NAGALAND ,2010,0.864253
PUNJAB ,2010,0.941176
UTTAR PRADESH,2010,0.896082

