ARUNACHAL PRADESH,1998,3.27596
ASSAM ,1998,0.691211
BIHAR ,1998,1.0586
HIMACHAL PRADESH,1998,0.702381
KARNATAKA ,1998,5.0701
KERALA ,1998,2.16784
MANIPUR ,1998,0.642857
MEGHALYA ,1998,5.08873
TAMIL NADU,1998,5.84425

ARUNACHAL PRADESH,1998,3.27596
ASSAM ,1998,0.691211
BIHAR ,1998,1.0586
HIMACHAL PRADESH,1998,0.702381
KARNATAKA ,1998,5.0701
KERALA ,1998,2.16784
MANIPUR ,1998,0.642857
MEGHALYA ,1998,5.08873
TAMIL NADU,1998,5.84425

ARUNACHAL PRADESH,1999,3.64604
ASSAM ,1999,0.690893
BIHAR ,1999,1.05361
KARNATAKA ,1999,4.35606
KERALA ,1999,2.10577
MADHYA PRADESH,1999,1.18826
MANIPUR ,1999,0.636364
MEGHALYA ,1999,5.6214
ORISSA ,1999,2.17568
RAJASTHAN ,1999,1.63333
TAMIL NADU,1999,5.29486
UTTAR PRADESH,1999,1.55862
WEST BENGAL,1999,1.50742

ARUNACHAL PRADESH,1998,3.27596
ASSAM ,1998,0.691211
BIHAR ,1998,1.0586
HIMACHAL PRADESH,1998,0.702381
KARNATAKA ,1998,5.0701
KERALA ,1998,2.16784
MANIPUR ,1998,0.642857
MEGHALYA ,1998,5.08873
TAMIL NADU,1998,5.84425

ARUNACHAL PRADESH,1999,3.64604
ASSAM ,1999,0.690893
BIHAR ,1999,1.05361
KARNATAKA ,1999,4.35606
KERALA ,1999,2.10577
MADHYA PRADESH,1999,1.18826
MANIPUR ,1999,0.636364
MEGHALYA ,1999,5.6214
ORISSA ,1999,2.17568
RAJASTHAN ,1999,1.63333
TAMIL NADU,1999,5.29486
UTTAR PRADESH,1999,1.55862
WEST BENGAL,1999,1.50742

ANDHRA PRADESH,2000,5.08268
ARUNACHAL PRADESH,2000,4.12335
ASSAM ,2000,0.690865
BIHAR ,2000,0.972445
CHHATTISGARH ,2000,1.01102
HARYANA ,2000,0
JAMMU AND KASHMIR,2000,1
KARNATAKA ,2000,4.43628
KERALA ,2000,2.18973
MADHYA PRADESH,2000,0.908847
MEGHALYA ,2000,5.62377
ORISSA ,2000,2.3955
RAJASTHAN ,2000,3.4359
TAMIL NADU,2000,5.20495
UTTAR PRADESH,2000,1.74381
UTTARANCHAL ,2000,0.256579
WEST BENGAL,2000,1.61649

ARUNACHAL PRADESH,1998,3.27596
ASSAM ,1998,0.691211
BIHAR ,1998,1.0586
HIMACHAL PRADESH,1998,0.702381
KARNATAKA ,1998,5.0701
KERALA ,1998,2.16784
MANIPUR ,1998,0.642857
MEGHALYA ,1998,5.08873
TAMIL NADU,1998,5.84425

ARUNACHAL PRADESH,1999,3.64604
ASSAM ,1999,0.690893
BIHAR ,1999,1.05361
KARNATAKA ,1999,4.35606
KERALA ,1999,2.10577
MADHYA PRADESH,1999,1.18826
MANIPUR ,1999,0.636364
MEGHALYA ,1999,5.6214
ORISSA ,1999,2.17568
RAJASTHAN ,1999,1.63333
TAMIL NADU,1999,5.29486
UTTAR PRADESH,1999,1.55862
WEST BENGAL,1999,1.50742

ANDHRA PRADESH,2000,5.08268
ARUNACHAL PRADESH,2000,4.12335
ASSAM ,2000,0.690865
BIHAR ,2000,0.972445
CHHATTISGARH ,2000,1.01102
HARYANA ,2000,0
JAMMU AND KASHMIR,2000,1
KARNATAKA ,2000,4.43628
KERALA ,2000,2.18973
MADHYA PRADESH,2000,0.908847
MEGHALYA ,2000,5.62377
ORISSA ,2000,2.3955
RAJASTHAN ,2000,3.4359
TAMIL NADU,2000,5.20495
UTTAR PRADESH,2000,1.74381
UTTARANCHAL ,2000,0.256579
WEST BENGAL,2000,1.61649

ANDHRA PRADESH,2001,4.04486
ARUNACHAL PRADESH,2001,3.65445
ASSAM ,2001,0.691162
BIHAR ,2001,1.04112
CHHATTISGARH ,2001,0.910632
HIMACHAL PRADESH,2001,0.582677
KARNATAKA ,2001,5.15288
KERALA ,2001,2.21894
MADHYA PRADESH,2001,1.0445
MEGHALYA ,2001,5.63165
ORISSA ,2001,2.24224
RAJASTHAN ,2001,3.57778
UTTAR PRADESH,2001,1.79211
UTTARANCHAL ,2001,2.15556
WEST BENGAL,2001,1.64063

ARUNACHAL PRADESH,1998,3.27596
ASSAM ,1998,0.691211
BIHAR ,1998,1.0586
HIMACHAL PRADESH,1998,0.702381
KARNATAKA ,1998,5.0701
KERALA ,1998,2.16784
MANIPUR ,1998,0.642857
MEGHALYA ,1998,5.08873
TAMIL NADU,1998,5.84425

ARUNACHAL PRADESH,1999,3.64604
ASSAM ,1999,0.690893
BIHAR ,1999,1.05361
KARNATAKA ,1999,4.35606
KERALA ,1999,2.10577
MADHYA PRADESH,1999,1.18826
MANIPUR ,1999,0.636364
MEGHALYA ,1999,5.6214
ORISSA ,1999,2.17568
RAJASTHAN ,1999,1.63333
TAMIL NADU,1999,5.29486
UTTAR PRADESH,1999,1.55862
WEST BENGAL,1999,1.50742

ANDHRA PRADESH,2000,5.08268
ARUNACHAL PRADESH,2000,4.12335
ASSAM ,2000,0.690865
BIHAR ,2000,0.972445
CHHATTISGARH ,2000,1.01102
HARYANA ,2000,0
JAMMU AND KASHMIR,2000,1
KARNATAKA ,2000,4.43628
KERALA ,2000,2.18973
MADHYA PRADESH,2000,0.908847
MEGHALYA ,2000,5.62377
ORISSA ,2000,2.3955
RAJASTHAN ,2000,3.4359
TAMIL NADU,2000,5.20495
UTTAR PRADESH,2000,1.74381
UTTARANCHAL ,2000,0.256579
WEST BENGAL,2000,1.61649

ANDHRA PRADESH,2001,4.04486
ARUNACHAL PRADESH,2001,3.65445
ASSAM ,2001,0.691162
BIHAR ,2001,1.04112
CHHATTISGARH ,2001,0.910632
HIMACHAL PRADESH,2001,0.582677
KARNATAKA ,2001,5.15288
KERALA ,2001,2.21894
MADHYA PRADESH,2001,1.0445
MEGHALYA ,2001,5.63165
ORISSA ,2001,2.24224
RAJASTHAN ,2001,3.57778
UTTAR PRADESH,2001,1.79211
UTTARANCHAL ,2001,2.15556
WEST BENGAL,2001,1.64063

ANDHRA PRADESH,2002,4.98999
ARUNACHAL PRADESH,2002,3.59453
ASSAM ,2002,0.689126
BIHAR ,2002,0.988384
CHHATTISGARH ,2002,0.861765
HIMACHAL PRADESH,2002,0.52
KARNATAKA ,2002,4.33642
KERALA ,2002,2.20955
MADHYA PRADESH,2002,0.686928
MANIPUR ,2002,0.69697
MEGHALYA ,2002,5.60078
ORISSA ,2002,1.42555
RAJASTHAN ,2002,1.63359
TAMIL NADU,2002,3.73084
UTTAR PRADESH,2002,1.81631
UTTARANCHAL ,2002,2.07746
WEST BENGAL,2002,1.76413

ARUNACHAL PRADESH,1998,3.27596
ASSAM ,1998,0.691211
BIHAR ,1998,1.0586
HIMACHAL PRADESH,1998,0.702381
KARNATAKA ,1998,5.0701
KERALA ,1998,2.16784
MANIPUR ,1998,0.642857
MEGHALYA ,1998,5.08873
TAMIL NADU,1998,5.84425

ARUNACHAL PRADESH,1999,3.64604
ASSAM ,1999,0.690893
BIHAR ,1999,1.05361
KARNATAKA ,1999,4.35606
KERALA ,1999,2.10577
MADHYA PRADESH,1999,1.18826
MANIPUR ,1999,0.636364
MEGHALYA ,1999,5.6214
ORISSA ,1999,2.17568
RAJASTHAN ,1999,1.63333
TAMIL NADU,1999,5.29486
UTTAR PRADESH,1999,1.55862
WEST BENGAL,1999,1.50742

ANDHRA PRADESH,2000,5.08268
ARUNACHAL PRADESH,2000,4.12335
ASSAM ,2000,0.690865
BIHAR ,2000,0.972445
CHHATTISGARH ,2000,1.01102
HARYANA ,2000,0
JAMMU AND KASHMIR,2000,1
KARNATAKA ,2000,4.43628
KERALA ,2000,2.18973
MADHYA PRADESH,2000,0.908847
MEGHALYA ,2000,5.62377
ORISSA ,2000,2.3955
RAJASTHAN ,2000,3.4359
TAMIL NADU,2000,5.20495
UTTAR PRADESH,2000,1.74381
UTTARANCHAL ,2000,0.256579
WEST BENGAL,2000,1.61649

ANDHRA PRADESH,2001,4.04486
ARUNACHAL PRADESH,2001,3.65445
ASSAM ,2001,0.691162
BIHAR ,2001,1.04112
CHHATTISGARH ,2001,0.910632
HIMACHAL PRADESH,2001,0.582677
KARNATAKA ,2001,5.15288
KERALA ,2001,2.21894
MADHYA PRADESH,2001,1.0445
MEGHALYA ,2001,5.63165
ORISSA ,2001,2.24224
RAJASTHAN ,2001,3.57778
UTTAR PRADESH,2001,1.79211
UTTARANCHAL ,2001,2.15556
WEST BENGAL,2001,1.64063

ANDHRA PRADESH,2002,4.98999
ARUNACHAL PRADESH,2002,3.59453
ASSAM ,2002,0.689126
BIHAR ,2002,0.988384
CHHATTISGARH ,2002,0.861765
HIMACHAL PRADESH,2002,0.52
KARNATAKA ,2002,4.33642
KERALA ,2002,2.20955
MADHYA PRADESH,2002,0.686928
MANIPUR ,2002,0.69697
MEGHALYA ,2002,5.60078
ORISSA ,2002,1.42555
RAJASTHAN ,2002,1.63359
TAMIL NADU,2002,3.73084
UTTAR PRADESH,2002,1.81631
UTTARANCHAL ,2002,2.07746
WEST BENGAL,2002,1.76413

ANDHRA PRADESH,2003,3.81125
ARUNACHAL PRADESH,2003,3.41611
BIHAR ,2003,0.988885
CHHATTISGARH ,2003,0.908555
KARNATAKA ,2003,4.87634
KERALA ,2003,2.03749
MADHYA PRADESH,2003,1.04122
MANIPUR ,2003,0.690909
MEGHALYA ,2003,5.54516
ORISSA ,2003,2.37258
RAJASTHAN ,2003,3.625
TAMIL NADU,2003,4.15611
UTTAR PRADESH,2003,1.80834
WEST BENGAL,2003,1.87955

ARUNACHAL PRADESH,1998,3.27596
ASSAM ,1998,0.691211
BIHAR ,1998,1.0586
HIMACHAL PRADESH,1998,0.702381
KARNATAKA ,1998,5.0701
KERALA ,1998,2.16784
MANIPUR ,1998,0.642857
MEGHALYA ,1998,5.08873
TAMIL NADU,1998,5.84425

ARUNACHAL PRADESH,1999,3.64604
ASSAM ,1999,0.690893
BIHAR ,1999,1.05361
KARNATAKA ,1999,4.35606
KERALA ,1999,2.10577
MADHYA PRADESH,1999,1.18826
MANIPUR ,1999,0.636364
MEGHALYA ,1999,5.6214
ORISSA ,1999,2.17568
RAJASTHAN ,1999,1.63333
TAMIL NADU,1999,5.29486
UTTAR PRADESH,1999,1.55862
WEST BENGAL,1999,1.50742

ANDHRA PRADESH,2000,5.08268
ARUNACHAL PRADESH,2000,4.12335
ASSAM ,2000,0.690865
BIHAR ,2000,0.972445
CHHATTISGARH ,2000,1.01102
HARYANA ,2000,0
JAMMU AND KASHMIR,2000,1
KARNATAKA ,2000,4.43628
KERALA ,2000,2.18973
MADHYA PRADESH,2000,0.908847
MEGHALYA ,2000,5.62377
ORISSA ,2000,2.3955
RAJASTHAN ,2000,3.4359
TAMIL NADU,2000,5.20495
UTTAR PRADESH,2000,1.74381
UTTARANCHAL ,2000,0.256579
WEST BENGAL,2000,1.61649

ANDHRA PRADESH,2001,4.04486
ARUNACHAL PRADESH,2001,3.65445
ASSAM ,2001,0.691162
BIHAR ,2001,1.04112
CHHATTISGARH ,2001,0.910632
HIMACHAL PRADESH,2001,0.582677
KARNATAKA ,2001,5.15288
KERALA ,2001,2.21894
MADHYA PRADESH,2001,1.0445
MEGHALYA ,2001,5.63165
ORISSA ,2001,2.24224
RAJASTHAN ,2001,3.57778
UTTAR PRADESH,2001,1.79211
UTTARANCHAL ,2001,2.15556
WEST BENGAL,2001,1.64063

ANDHRA PRADESH,2002,4.98999
ARUNACHAL PRADESH,2002,3.59453
ASSAM ,2002,0.689126
BIHAR ,2002,0.988384
CHHATTISGARH ,2002,0.861765
HIMACHAL PRADESH,2002,0.52
KARNATAKA ,2002,4.33642
KERALA ,2002,2.20955
MADHYA PRADESH,2002,0.686928
MANIPUR ,2002,0.69697
MEGHALYA ,2002,5.60078
ORISSA ,2002,1.42555
RAJASTHAN ,2002,1.63359
TAMIL NADU,2002,3.73084
UTTAR PRADESH,2002,1.81631
UTTARANCHAL ,2002,2.07746
WEST BENGAL,2002,1.76413

ANDHRA PRADESH,2003,3.81125
ARUNACHAL PRADESH,2003,3.41611
BIHAR ,2003,0.988885
CHHATTISGARH ,2003,0.908555
KARNATAKA ,2003,4.87634
KERALA ,2003,2.03749
MADHYA PRADESH,2003,1.04122
MANIPUR ,2003,0.690909
MEGHALYA ,2003,5.54516
ORISSA ,2003,2.37258
RAJASTHAN ,2003,3.625
TAMIL NADU,2003,4.15611
UTTAR PRADESH,2003,1.80834
WEST BENGAL,2003,1.87955

ANDHRA PRADESH,2004,6.82872
ARUNACHAL PRADESH,2004,3.55248
ASSAM ,2004,0.718218
BIHAR ,2004,0.987602
CHHATTISGARH ,2004,0.869919
KARNATAKA ,2004,4.75147
KERALA ,2004,2.1673
MADHYA PRADESH,2004,0.956193
MANIPUR ,2004,0.680851
MEGHALYA ,2004,5.54854
ORISSA ,2004,2.37921
TAMIL NADU,2004,5.4796
UTTAR PRADESH,2004,1.73777
WEST BENGAL,2004,1.97403

ARUNACHAL PRADESH,1998,3.27596
ASSAM ,1998,0.691211
BIHAR ,1998,1.0586
HIMACHAL PRADESH,1998,0.702381
KARNATAKA ,1998,5.0701
KERALA ,1998,2.16784
MANIPUR ,1998,0.642857
MEGHALYA ,1998,5.08873
TAMIL NADU,1998,5.84425

ARUNACHAL PRADESH,1999,3.64604
ASSAM ,1999,0.690893
BIHAR ,1999,1.05361
KARNATAKA ,1999,4.35606
KERALA ,1999,2.10577
MADHYA PRADESH,1999,1.18826
MANIPUR ,1999,0.636364
MEGHALYA ,1999,5.6214
ORISSA ,1999,2.17568
RAJASTHAN ,1999,1.63333
TAMIL NADU,1999,5.29486
UTTAR PRADESH,1999,1.55862
WEST BENGAL,1999,1.50742

ANDHRA PRADESH,2000,5.08268
ARUNACHAL PRADESH,2000,4.12335
ASSAM ,2000,0.690865
BIHAR ,2000,0.972445
CHHATTISGARH ,2000,1.01102
HARYANA ,2000,0
JAMMU AND KASHMIR,2000,1
KARNATAKA ,2000,4.43628
KERALA ,2000,2.18973
MADHYA PRADESH,2000,0.908847
MEGHALYA ,2000,5.62377
ORISSA ,2000,2.3955
RAJASTHAN ,2000,3.4359
TAMIL NADU,2000,5.20495
UTTAR PRADESH,2000,1.74381
UTTARANCHAL ,2000,0.256579
WEST BENGAL,2000,1.61649

ANDHRA PRADESH,2001,4.04486
ARUNACHAL PRADESH,2001,3.65445
ASSAM ,2001,0.691162
BIHAR ,2001,1.04112
CHHATTISGARH ,2001,0.910632
HIMACHAL PRADESH,2001,0.582677
KARNATAKA ,2001,5.15288
KERALA ,2001,2.21894
MADHYA PRADESH,2001,1.0445
MEGHALYA ,2001,5.63165
ORISSA ,2001,2.24224
RAJASTHAN ,2001,3.57778
UTTAR PRADESH,2001,1.79211
UTTARANCHAL ,2001,2.15556
WEST BENGAL,2001,1.64063

ANDHRA PRADESH,2002,4.98999
ARUNACHAL PRADESH,2002,3.59453
ASSAM ,2002,0.689126
BIHAR ,2002,0.988384
CHHATTISGARH ,2002,0.861765
HIMACHAL PRADESH,2002,0.52
KARNATAKA ,2002,4.33642
KERALA ,2002,2.20955
MADHYA PRADESH,2002,0.686928
MANIPUR ,2002,0.69697
MEGHALYA ,2002,5.60078
ORISSA ,2002,1.42555
RAJASTHAN ,2002,1.63359
TAMIL NADU,2002,3.73084
UTTAR PRADESH,2002,1.81631
UTTARANCHAL ,2002,2.07746
WEST BENGAL,2002,1.76413

ANDHRA PRADESH,2003,3.81125
ARUNACHAL PRADESH,2003,3.41611
BIHAR ,2003,0.988885
CHHATTISGARH ,2003,0.908555
KARNATAKA ,2003,4.87634
KERALA ,2003,2.03749
MADHYA PRADESH,2003,1.04122
MANIPUR ,2003,0.690909
MEGHALYA ,2003,5.54516
ORISSA ,2003,2.37258
RAJASTHAN ,2003,3.625
TAMIL NADU,2003,4.15611
UTTAR PRADESH,2003,1.80834
WEST BENGAL,2003,1.87955

ANDHRA PRADESH,2004,6.82872
ARUNACHAL PRADESH,2004,3.55248
ASSAM ,2004,0.718218
BIHAR ,2004,0.987602
CHHATTISGARH ,2004,0.869919
KARNATAKA ,2004,4.75147
KERALA ,2004,2.1673
MADHYA PRADESH,2004,0.956193
MANIPUR ,2004,0.680851
MEGHALYA ,2004,5.54854
ORISSA ,2004,2.37921
TAMIL NADU,2004,5.4796
UTTAR PRADESH,2004,1.73777
WEST BENGAL,2004,1.97403

ANDAMAN AND NICOBAR,2005,6.97826
ANDHRA PRADESH,2005,7.40904
ARUNACHAL PRADESH,2005,3.81967
ASSAM ,2005,0.732064
BIHAR ,2005,0.97212
CHHATTISGARH ,2005,0.884715
HIMACHAL PRADESH,2005,0.605442
KARNATAKA ,2005,5.34053
KERALA ,2005,2.4341
MANIPUR ,2005,0.7
MEGHALYA ,2005,5.78316
RAJASTHAN ,2005,2.59494
TAMIL NADU,2005,5.52014
UTTAR PRADESH,2005,4.45761
WEST BENGAL,2005,2.11491

ARUNACHAL PRADESH,1998,3.27596
ASSAM ,1998,0.691211
BIHAR ,1998,1.0586
HIMACHAL PRADESH,1998,0.702381
KARNATAKA ,1998,5.0701
KERALA ,1998,2.16784
MANIPUR ,1998,0.642857
MEGHALYA ,1998,5.08873
TAMIL NADU,1998,5.84425

ARUNACHAL PRADESH,1999,3.64604
ASSAM ,1999,0.690893
BIHAR ,1999,1.05361
KARNATAKA ,1999,4.35606
KERALA ,1999,2.10577
MADHYA PRADESH,1999,1.18826
MANIPUR ,1999,0.636364
MEGHALYA ,1999,5.6214
ORISSA ,1999,2.17568
RAJASTHAN ,1999,1.63333
TAMIL NADU,1999,5.29486
UTTAR PRADESH,1999,1.55862
WEST BENGAL,1999,1.50742

ANDHRA PRADESH,2000,5.08268
ARUNACHAL PRADESH,2000,4.12335
ASSAM ,2000,0.690865
BIHAR ,2000,0.972445
CHHATTISGARH ,2000,1.01102
HARYANA ,2000,0
JAMMU AND KASHMIR,2000,1
KARNATAKA ,2000,4.43628
KERALA ,2000,2.18973
MADHYA PRADESH,2000,0.908847
MEGHALYA ,2000,5.62377
ORISSA ,2000,2.3955
RAJASTHAN ,2000,3.4359
TAMIL NADU,2000,5.20495
UTTAR PRADESH,2000,1.74381
UTTARANCHAL ,2000,0.256579
WEST BENGAL,2000,1.61649

ANDHRA PRADESH,2001,4.04486
ARUNACHAL PRADESH,2001,3.65445
ASSAM ,2001,0.691162
BIHAR ,2001,1.04112
CHHATTISGARH ,2001,0.910632
HIMACHAL PRADESH,2001,0.582677
KARNATAKA ,2001,5.15288
KERALA ,2001,2.21894
MADHYA PRADESH,2001,1.0445
MEGHALYA ,2001,5.63165
ORISSA ,2001,2.24224
RAJASTHAN ,2001,3.57778
UTTAR PRADESH,2001,1.79211
UTTARANCHAL ,2001,2.15556
WEST BENGAL,2001,1.64063

ANDHRA PRADESH,2002,4.98999
ARUNACHAL PRADESH,2002,3.59453
ASSAM ,2002,0.689126
BIHAR ,2002,0.988384
CHHATTISGARH ,2002,0.861765
HIMACHAL PRADESH,2002,0.52
KARNATAKA ,2002,4.33642
KERALA ,2002,2.20955
MADHYA PRADESH,2002,0.686928
MANIPUR ,2002,0.69697
MEGHALYA ,2002,5.60078
ORISSA ,2002,1.42555
RAJASTHAN ,2002,1.63359
TAMIL NADU,2002,3.73084
UTTAR PRADESH,2002,1.81631
UTTARANCHAL ,2002,2.07746
WEST BENGAL,2002,1.76413

ANDHRA PRADESH,2003,3.81125
ARUNACHAL PRADESH,2003,3.41611
BIHAR ,2003,0.988885
CHHATTISGARH ,2003,0.908555
KARNATAKA ,2003,4.87634
KERALA ,2003,2.03749
MADHYA PRADESH,2003,1.04122
MANIPUR ,2003,0.690909
MEGHALYA ,2003,5.54516
ORISSA ,2003,2.37258
RAJASTHAN ,2003,3.625
TAMIL NADU,2003,4.15611
UTTAR PRADESH,2003,1.80834
WEST BENGAL,2003,1.87955

ANDHRA PRADESH,2004,6.82872
ARUNACHAL PRADESH,2004,3.55248
ASSAM ,2004,0.718218
BIHAR ,2004,0.987602
CHHATTISGARH ,2004,0.869919
KARNATAKA ,2004,4.75147
KERALA ,2004,2.1673
MADHYA PRADESH,2004,0.956193
MANIPUR ,2004,0.680851
MEGHALYA ,2004,5.54854
ORISSA ,2004,2.37921
TAMIL NADU,2004,5.4796
UTTAR PRADESH,2004,1.73777
WEST BENGAL,2004,1.97403

ANDAMAN AND NICOBAR,2005,6.97826
ANDHRA PRADESH,2005,7.40904
ARUNACHAL PRADESH,2005,3.81967
ASSAM ,2005,0.732064
BIHAR ,2005,0.97212
CHHATTISGARH ,2005,0.884715
HIMACHAL PRADESH,2005,0.605442
KARNATAKA ,2005,5.34053
KERALA ,2005,2.4341
MANIPUR ,2005,0.7
MEGHALYA ,2005,5.78316
RAJASTHAN ,2005,2.59494
TAMIL NADU,2005,5.52014
UTTAR PRADESH,2005,4.45761
WEST BENGAL,2005,2.11491

ANDAMAN AND NICOBAR,2006,5.79012
ANDHRA PRADESH,2006,6.21378
ARUNACHAL PRADESH,2006,3.69361
ASSAM ,2006,0.727195
CHHATTISGARH ,2006,0.857968
HIMACHAL PRADESH,2006,0.529412
KARNATAKA ,2006,5.04908
KERALA ,2006,2.54787
MANIPUR ,2006,0.842105
RAJASTHAN ,2006,4.56618
TAMIL NADU,2006,5.74515
UTTAR PRADESH,2006,3.40062
UTTARANCHAL ,2006,2.29469
WEST BENGAL,2006,2.20141

ARUNACHAL PRADESH,1998,3.27596
ASSAM ,1998,0.691211
BIHAR ,1998,1.0586
HIMACHAL PRADESH,1998,0.702381
KARNATAKA ,1998,5.0701
KERALA ,1998,2.16784
MANIPUR ,1998,0.642857
MEGHALYA ,1998,5.08873
TAMIL NADU,1998,5.84425

ARUNACHAL PRADESH,1999,3.64604
ASSAM ,1999,0.690893
BIHAR ,1999,1.05361
KARNATAKA ,1999,4.35606
KERALA ,1999,2.10577
MADHYA PRADESH,1999,1.18826
MANIPUR ,1999,0.636364
MEGHALYA ,1999,5.6214
ORISSA ,1999,2.17568
RAJASTHAN ,1999,1.63333
TAMIL NADU,1999,5.29486
UTTAR PRADESH,1999,1.55862
WEST BENGAL,1999,1.50742

ANDHRA PRADESH,2000,5.08268
ARUNACHAL PRADESH,2000,4.12335
ASSAM ,2000,0.690865
BIHAR ,2000,0.972445
CHHATTISGARH ,2000,1.01102
HARYANA ,2000,0
JAMMU AND KASHMIR,2000,1
KARNATAKA ,2000,4.43628
KERALA ,2000,2.18973
MADHYA PRADESH,2000,0.908847
MEGHALYA ,2000,5.62377
ORISSA ,2000,2.3955
RAJASTHAN ,2000,3.4359
TAMIL NADU,2000,5.20495
UTTAR PRADESH,2000,1.74381
UTTARANCHAL ,2000,0.256579
WEST BENGAL,2000,1.61649

ANDHRA PRADESH,2001,4.04486
ARUNACHAL PRADESH,2001,3.65445
ASSAM ,2001,0.691162
BIHAR ,2001,1.04112
CHHATTISGARH ,2001,0.910632
HIMACHAL PRADESH,2001,0.582677
KARNATAKA ,2001,5.15288
KERALA ,2001,2.21894
MADHYA PRADESH,2001,1.0445
MEGHALYA ,2001,5.63165
ORISSA ,2001,2.24224
RAJASTHAN ,2001,3.57778
UTTAR PRADESH,2001,1.79211
UTTARANCHAL ,2001,2.15556
WEST BENGAL,2001,1.64063

ANDHRA PRADESH,2002,4.98999
ARUNACHAL PRADESH,2002,3.59453
ASSAM ,2002,0.689126
BIHAR ,2002,0.988384
CHHATTISGARH ,2002,0.861765
HIMACHAL PRADESH,2002,0.52
KARNATAKA ,2002,4.33642
KERALA ,2002,2.20955
MADHYA PRADESH,2002,0.686928
MANIPUR ,2002,0.69697
MEGHALYA ,2002,5.60078
ORISSA ,2002,1.42555
RAJASTHAN ,2002,1.63359
TAMIL NADU,2002,3.73084
UTTAR PRADESH,2002,1.81631
UTTARANCHAL ,2002,2.07746
WEST BENGAL,2002,1.76413

ANDHRA PRADESH,2003,3.81125
ARUNACHAL PRADESH,2003,3.41611
BIHAR ,2003,0.988885
CHHATTISGARH ,2003,0.908555
KARNATAKA ,2003,4.87634
KERALA ,2003,2.03749
MADHYA PRADESH,2003,1.04122
MANIPUR ,2003,0.690909
MEGHALYA ,2003,5.54516
ORISSA ,2003,2.37258
RAJASTHAN ,2003,3.625
TAMIL NADU,2003,4.15611
UTTAR PRADESH,2003,1.80834
WEST BENGAL,2003,1.87955

ANDHRA PRADESH,2004,6.82872
ARUNACHAL PRADESH,2004,3.55248
ASSAM ,2004,0.718218
BIHAR ,2004,0.987602
CHHATTISGARH ,2004,0.869919
KARNATAKA ,2004,4.75147
KERALA ,2004,2.1673
MADHYA PRADESH,2004,0.956193
MANIPUR ,2004,0.680851
MEGHALYA ,2004,5.54854
ORISSA ,2004,2.37921
TAMIL NADU,2004,5.4796
UTTAR PRADESH,2004,1.73777
WEST BENGAL,2004,1.97403

ANDAMAN AND NICOBAR,2005,6.97826
ANDHRA PRADESH,2005,7.40904
ARUNACHAL PRADESH,2005,3.81967
ASSAM ,2005,0.732064
BIHAR ,2005,0.97212
CHHATTISGARH ,2005,0.884715
HIMACHAL PRADESH,2005,0.605442
KARNATAKA ,2005,5.34053
KERALA ,2005,2.4341
MANIPUR ,2005,0.7
MEGHALYA ,2005,5.78316
RAJASTHAN ,2005,2.59494
TAMIL NADU,2005,5.52014
UTTAR PRADESH,2005,4.45761
WEST BENGAL,2005,2.11491

ANDAMAN AND NICOBAR,2006,5.79012
ANDHRA PRADESH,2006,6.21378
ARUNACHAL PRADESH,2006,3.69361
ASSAM ,2006,0.727195
CHHATTISGARH ,2006,0.857968
HIMACHAL PRADESH,2006,0.529412
KARNATAKA ,2006,5.04908
KERALA ,2006,2.54787
MANIPUR ,2006,0.842105
RAJASTHAN ,2006,4.56618
TAMIL NADU,2006,5.74515
UTTAR PRADESH,2006,3.40062
UTTARANCHAL ,2006,2.29469
WEST BENGAL,2006,2.20141

ANDAMAN AND NICOBAR,2007,5.85185
ANDHRA PRADESH,2007,6.64319
ARUNACHAL PRADESH,2007,3.85975
ASSAM ,2007,0.688722
BIHAR ,2007,0.996212
CHHATTISGARH ,2007,0.922737
HIMACHAL PRADESH,2007,0.507042
JAMMU AND KASHMIR,2007,1
KARNATAKA ,2007,7.77627
KERALA ,2007,2.35626
MADHYA PRADESH,2007,0.832061
MANIPUR ,2007,0.7
NAGALAND ,2007,4.5
RAJASTHAN ,2007,4.71154
TAMIL NADU,2007,5.34769
UTTAR PRADESH,2007,3.06944
UTTARANCHAL ,2007,1.80717
WEST BENGAL,2007,2.32659

ARUNACHAL PRADESH,1998,3.27596
ASSAM ,1998,0.691211
BIHAR ,1998,1.0586
HIMACHAL PRADESH,1998,0.702381
KARNATAKA ,1998,5.0701
KERALA ,1998,2.16784
MANIPUR ,1998,0.642857
MEGHALYA ,1998,5.08873
TAMIL NADU,1998,5.84425

ARUNACHAL PRADESH,1999,3.64604
ASSAM ,1999,0.690893
BIHAR ,1999,1.05361
KARNATAKA ,1999,4.35606
KERALA ,1999,2.10577
MADHYA PRADESH,1999,1.18826
MANIPUR ,1999,0.636364
MEGHALYA ,1999,5.6214
ORISSA ,1999,2.17568
RAJASTHAN ,1999,1.63333
TAMIL NADU,1999,5.29486
UTTAR PRADESH,1999,1.55862
WEST BENGAL,1999,1.50742

ANDHRA PRADESH,2000,5.08268
ARUNACHAL PRADESH,2000,4.12335
ASSAM ,2000,0.690865
BIHAR ,2000,0.972445
CHHATTISGARH ,2000,1.01102
HARYANA ,2000,0
JAMMU AND KASHMIR,2000,1
KARNATAKA ,2000,4.43628
KERALA ,2000,2.18973
MADHYA PRADESH,2000,0.908847
MEGHALYA ,2000,5.62377
ORISSA ,2000,2.3955
RAJASTHAN ,2000,3.4359
TAMIL NADU,2000,5.20495
UTTAR PRADESH,2000,1.74381
UTTARANCHAL ,2000,0.256579
WEST BENGAL,2000,1.61649

ANDHRA PRADESH,2001,4.04486
ARUNACHAL PRADESH,2001,3.65445
ASSAM ,2001,0.691162
BIHAR ,2001,1.04112
CHHATTISGARH ,2001,0.910632
HIMACHAL PRADESH,2001,0.582677
KARNATAKA ,2001,5.15288
KERALA ,2001,2.21894
MADHYA PRADESH,2001,1.0445
MEGHALYA ,2001,5.63165
ORISSA ,2001,2.24224
RAJASTHAN ,2001,3.57778
UTTAR PRADESH,2001,1.79211
UTTARANCHAL ,2001,2.15556
WEST BENGAL,2001,1.64063

ANDHRA PRADESH,2002,4.98999
ARUNACHAL PRADESH,2002,3.59453
ASSAM ,2002,0.689126
BIHAR ,2002,0.988384
CHHATTISGARH ,2002,0.861765
HIMACHAL PRADESH,2002,0.52
KARNATAKA ,2002,4.33642
KERALA ,2002,2.20955
MADHYA PRADESH,2002,0.686928
MANIPUR ,2002,0.69697
MEGHALYA ,2002,5.60078
ORISSA ,2002,1.42555
RAJASTHAN ,2002,1.63359
TAMIL NADU,2002,3.73084
UTTAR PRADESH,2002,1.81631
UTTARANCHAL ,2002,2.07746
WEST BENGAL,2002,1.76413

ANDHRA PRADESH,2003,3.81125
ARUNACHAL PRADESH,2003,3.41611
BIHAR ,2003,0.988885
CHHATTISGARH ,2003,0.908555
KARNATAKA ,2003,4.87634
KERALA ,2003,2.03749
MADHYA PRADESH,2003,1.04122
MANIPUR ,2003,0.690909
MEGHALYA ,2003,5.54516
ORISSA ,2003,2.37258
RAJASTHAN ,2003,3.625
TAMIL NADU,2003,4.15611
UTTAR PRADESH,2003,1.80834
WEST BENGAL,2003,1.87955

ANDHRA PRADESH,2004,6.82872
ARUNACHAL PRADESH,2004,3.55248
ASSAM ,2004,0.718218
BIHAR ,2004,0.987602
CHHATTISGARH ,2004,0.869919
KARNATAKA ,2004,4.75147
KERALA ,2004,2.1673
MADHYA PRADESH,2004,0.956193
MANIPUR ,2004,0.680851
MEGHALYA ,2004,5.54854
ORISSA ,2004,2.37921
TAMIL NADU,2004,5.4796
UTTAR PRADESH,2004,1.73777
WEST BENGAL,2004,1.97403

ANDAMAN AND NICOBAR,2005,6.97826
ANDHRA PRADESH,2005,7.40904
ARUNACHAL PRADESH,2005,3.81967
ASSAM ,2005,0.732064
BIHAR ,2005,0.97212
CHHATTISGARH ,2005,0.884715
HIMACHAL PRADESH,2005,0.605442
KARNATAKA ,2005,5.34053
KERALA ,2005,2.4341
MANIPUR ,2005,0.7
MEGHALYA ,2005,5.78316
RAJASTHAN ,2005,2.59494
TAMIL NADU,2005,5.52014
UTTAR PRADESH,2005,4.45761
WEST BENGAL,2005,2.11491

ANDAMAN AND NICOBAR,2006,5.79012
ANDHRA PRADESH,2006,6.21378
ARUNACHAL PRADESH,2006,3.69361
ASSAM ,2006,0.727195
CHHATTISGARH ,2006,0.857968
HIMACHAL PRADESH,2006,0.529412
KARNATAKA ,2006,5.04908
KERALA ,2006,2.54787
MANIPUR ,2006,0.842105
RAJASTHAN ,2006,4.56618
TAMIL NADU,2006,5.74515
UTTAR PRADESH,2006,3.40062
UTTARANCHAL ,2006,2.29469
WEST BENGAL,2006,2.20141

ANDAMAN AND NICOBAR,2007,5.85185
ANDHRA PRADESH,2007,6.64319
ARUNACHAL PRADESH,2007,3.85975
ASSAM ,2007,0.688722
BIHAR ,2007,0.996212
CHHATTISGARH ,2007,0.922737
HIMACHAL PRADESH,2007,0.507042
JAMMU AND KASHMIR,2007,1
KARNATAKA ,2007,7.77627
KERALA ,2007,2.35626
MADHYA PRADESH,2007,0.832061
MANIPUR ,2007,0.7
NAGALAND ,2007,4.5
RAJASTHAN ,2007,4.71154
TAMIL NADU,2007,5.34769
UTTAR PRADESH,2007,3.06944
UTTARANCHAL ,2007,1.80717
WEST BENGAL,2007,2.32659

ANDAMAN AND NICOBAR,2008,4.64634
ANDHRA PRADESH,2008,6.54517
ARUNACHAL PRADESH,2008,3.88072
ASSAM ,2008,0.725984
BIHAR ,2008,1.15977
CHHATTISGARH ,2008,0.908459
HARYANA ,2008,9.80392
HIMACHAL PRADESH,2008,0.528846
KARNATAKA ,2008,4.76052
KERALA ,2008,2.28756
MADHYA PRADESH,2008,0.884194
MEGHALYA ,2008,5.12813
NAGALAND ,2008,4.55224
RAJASTHAN ,2008,2.5567
TAMIL NADU,2008,5.7685
UTTARANCHAL ,2008,2.01395
WEST BENGAL,2008,2.32466

ARUNACHAL PRADESH,1998,3.27596
ASSAM ,1998,0.691211
BIHAR ,1998,1.0586
HIMACHAL PRADESH,1998,0.702381
KARNATAKA ,1998,5.0701
KERALA ,1998,2.16784
MANIPUR ,1998,0.642857
MEGHALYA ,1998,5.08873
TAMIL NADU,1998,5.84425

ARUNACHAL PRADESH,1999,3.64604
ASSAM ,1999,0.690893
BIHAR ,1999,1.05361
KARNATAKA ,1999,4.35606
KERALA ,1999,2.10577
MADHYA PRADESH,1999,1.18826
MANIPUR ,1999,0.636364
MEGHALYA ,1999,5.6214
ORISSA ,1999,2.17568
RAJASTHAN ,1999,1.63333
TAMIL NADU,1999,5.29486
UTTAR PRADESH,1999,1.55862
WEST BENGAL,1999,1.50742

ANDHRA PRADESH,2000,5.08268
ARUNACHAL PRADESH,2000,4.12335
ASSAM ,2000,0.690865
BIHAR ,2000,0.972445
CHHATTISGARH ,2000,1.01102
HARYANA ,2000,0
JAMMU AND KASHMIR,2000,1
KARNATAKA ,2000,4.43628
KERALA ,2000,2.18973
MADHYA PRADESH,2000,0.908847
MEGHALYA ,2000,5.62377
ORISSA ,2000,2.3955
RAJASTHAN ,2000,3.4359
TAMIL NADU,2000,5.20495
UTTAR PRADESH,2000,1.74381
UTTARANCHAL ,2000,0.256579
WEST BENGAL,2000,1.61649

ANDHRA PRADESH,2001,4.04486
ARUNACHAL PRADESH,2001,3.65445
ASSAM ,2001,0.691162
BIHAR ,2001,1.04112
CHHATTISGARH ,2001,0.910632
HIMACHAL PRADESH,2001,0.582677
KARNATAKA ,2001,5.15288
KERALA ,2001,2.21894
MADHYA PRADESH,2001,1.0445
MEGHALYA ,2001,5.63165
ORISSA ,2001,2.24224
RAJASTHAN ,2001,3.57778
UTTAR PRADESH,2001,1.79211
UTTARANCHAL ,2001,2.15556
WEST BENGAL,2001,1.64063

ANDHRA PRADESH,2002,4.98999
ARUNACHAL PRADESH,2002,3.59453
ASSAM ,2002,0.689126
BIHAR ,2002,0.988384
CHHATTISGARH ,2002,0.861765
HIMACHAL PRADESH,2002,0.52
KARNATAKA ,2002,4.33642
KERALA ,2002,2.20955
MADHYA PRADESH,2002,0.686928
MANIPUR ,2002,0.69697
MEGHALYA ,2002,5.60078
ORISSA ,2002,1.42555
RAJASTHAN ,2002,1.63359
TAMIL NADU,2002,3.73084
UTTAR PRADESH,2002,1.81631
UTTARANCHAL ,2002,2.07746
WEST BENGAL,2002,1.76413

ANDHRA PRADESH,2003,3.81125
ARUNACHAL PRADESH,2003,3.41611
BIHAR ,2003,0.988885
CHHATTISGARH ,2003,0.908555
KARNATAKA ,2003,4.87634
KERALA ,2003,2.03749
MADHYA PRADESH,2003,1.04122
MANIPUR ,2003,0.690909
MEGHALYA ,2003,5.54516
ORISSA ,2003,2.37258
RAJASTHAN ,2003,3.625
TAMIL NADU,2003,4.15611
UTTAR PRADESH,2003,1.80834
WEST BENGAL,2003,1.87955

ANDHRA PRADESH,2004,6.82872
ARUNACHAL PRADESH,2004,3.55248
ASSAM ,2004,0.718218
BIHAR ,2004,0.987602
CHHATTISGARH ,2004,0.869919
KARNATAKA ,2004,4.75147
KERALA ,2004,2.1673
MADHYA PRADESH,2004,0.956193
MANIPUR ,2004,0.680851
MEGHALYA ,2004,5.54854
ORISSA ,2004,2.37921
TAMIL NADU,2004,5.4796
UTTAR PRADESH,2004,1.73777
WEST BENGAL,2004,1.97403

ANDAMAN AND NICOBAR,2005,6.97826
ANDHRA PRADESH,2005,7.40904
ARUNACHAL PRADESH,2005,3.81967
ASSAM ,2005,0.732064
BIHAR ,2005,0.97212
CHHATTISGARH ,2005,0.884715
HIMACHAL PRADESH,2005,0.605442
KARNATAKA ,2005,5.34053
KERALA ,2005,2.4341
MANIPUR ,2005,0.7
MEGHALYA ,2005,5.78316
RAJASTHAN ,2005,2.59494
TAMIL NADU,2005,5.52014
UTTAR PRADESH,2005,4.45761
WEST BENGAL,2005,2.11491

ANDAMAN AND NICOBAR,2006,5.79012
ANDHRA PRADESH,2006,6.21378
ARUNACHAL PRADESH,2006,3.69361
ASSAM ,2006,0.727195
CHHATTISGARH ,2006,0.857968
HIMACHAL PRADESH,2006,0.529412
KARNATAKA ,2006,5.04908
KERALA ,2006,2.54787
MANIPUR ,2006,0.842105
RAJASTHAN ,2006,4.56618
TAMIL NADU,2006,5.74515
UTTAR PRADESH,2006,3.40062
UTTARANCHAL ,2006,2.29469
WEST BENGAL,2006,2.20141

ANDAMAN AND NICOBAR,2007,5.85185
ANDHRA PRADESH,2007,6.64319
ARUNACHAL PRADESH,2007,3.85975
ASSAM ,2007,0.688722
BIHAR ,2007,0.996212
CHHATTISGARH ,2007,0.922737
HIMACHAL PRADESH,2007,0.507042
JAMMU AND KASHMIR,2007,1
KARNATAKA ,2007,7.77627
KERALA ,2007,2.35626
MADHYA PRADESH,2007,0.832061
MANIPUR ,2007,0.7
NAGALAND ,2007,4.5
RAJASTHAN ,2007,4.71154
TAMIL NADU,2007,5.34769
UTTAR PRADESH,2007,3.06944
UTTARANCHAL ,2007,1.80717
WEST BENGAL,2007,2.32659

ANDAMAN AND NICOBAR,2008,4.64634
ANDHRA PRADESH,2008,6.54517
ARUNACHAL PRADESH,2008,3.88072
ASSAM ,2008,0.725984
BIHAR ,2008,1.15977
CHHATTISGARH ,2008,0.908459
HARYANA ,2008,9.80392
HIMACHAL PRADESH,2008,0.528846
KARNATAKA ,2008,4.76052
KERALA ,2008,2.28756
MADHYA PRADESH,2008,0.884194
MEGHALYA ,2008,5.12813
NAGALAND ,2008,4.55224
RAJASTHAN ,2008,2.5567
TAMIL NADU,2008,5.7685
UTTARANCHAL ,2008,2.01395
WEST BENGAL,2008,2.32466

ANDAMAN AND NICOBAR,2009,4.57143
ANDHRA PRADESH,2009,6.12096
ARUNACHAL PRADESH,2009,4.08307
ASSAM ,2009,0.700065
CHHATTISGARH ,2009,0.845465
KERALA ,2009,2.48811
RAJASTHAN ,2009,1.88571
TAMIL NADU,2009,5.06716
UTTAR PRADESH,2009,3.30494
UTTARANCHAL ,2009,0.96129

ARUNACHAL PRADESH,1998,3.27596
ASSAM ,1998,0.691211
BIHAR ,1998,1.0586
HIMACHAL PRADESH,1998,0.702381
KARNATAKA ,1998,5.0701
KERALA ,1998,2.16784
MANIPUR ,1998,0.642857
MEGHALYA ,1998,5.08873
TAMIL NADU,1998,5.84425

ARUNACHAL PRADESH,1999,3.64604
ASSAM ,1999,0.690893
BIHAR ,1999,1.05361
KARNATAKA ,1999,4.35606
KERALA ,1999,2.10577
MADHYA PRADESH,1999,1.18826
MANIPUR ,1999,0.636364
MEGHALYA ,1999,5.6214
ORISSA ,1999,2.17568
RAJASTHAN ,1999,1.63333
TAMIL NADU,1999,5.29486
UTTAR PRADESH,1999,1.55862
WEST BENGAL,1999,1.50742

ANDHRA PRADESH,2000,5.08268
ARUNACHAL PRADESH,2000,4.12335
ASSAM ,2000,0.690865
BIHAR ,2000,0.972445
CHHATTISGARH ,2000,1.01102
HARYANA ,2000,0
JAMMU AND KASHMIR,2000,1
KARNATAKA ,2000,4.43628
KERALA ,2000,2.18973
MADHYA PRADESH,2000,0.908847
MEGHALYA ,2000,5.62377
ORISSA ,2000,2.3955
RAJASTHAN ,2000,3.4359
TAMIL NADU,2000,5.20495
UTTAR PRADESH,2000,1.74381
UTTARANCHAL ,2000,0.256579
WEST BENGAL,2000,1.61649

ANDHRA PRADESH,2001,4.04486
ARUNACHAL PRADESH,2001,3.65445
ASSAM ,2001,0.691162
BIHAR ,2001,1.04112
CHHATTISGARH ,2001,0.910632
HIMACHAL PRADESH,2001,0.582677
KARNATAKA ,2001,5.15288
KERALA ,2001,2.21894
MADHYA PRADESH,2001,1.0445
MEGHALYA ,2001,5.63165
ORISSA ,2001,2.24224
RAJASTHAN ,2001,3.57778
UTTAR PRADESH,2001,1.79211
UTTARANCHAL ,2001,2.15556
WEST BENGAL,2001,1.64063

ANDHRA PRADESH,2002,4.98999
ARUNACHAL PRADESH,2002,3.59453
ASSAM ,2002,0.689126
BIHAR ,2002,0.988384
CHHATTISGARH ,2002,0.861765
HIMACHAL PRADESH,2002,0.52
KARNATAKA ,2002,4.33642
KERALA ,2002,2.20955
MADHYA PRADESH,2002,0.686928
MANIPUR ,2002,0.69697
MEGHALYA ,2002,5.60078
ORISSA ,2002,1.42555
RAJASTHAN ,2002,1.63359
TAMIL NADU,2002,3.73084
UTTAR PRADESH,2002,1.81631
UTTARANCHAL ,2002,2.07746
WEST BENGAL,2002,1.76413

ANDHRA PRADESH,2003,3.81125
ARUNACHAL PRADESH,2003,3.41611
BIHAR ,2003,0.988885
CHHATTISGARH ,2003,0.908555
KARNATAKA ,2003,4.87634
KERALA ,2003,2.03749
MADHYA PRADESH,2003,1.04122
MANIPUR ,2003,0.690909
MEGHALYA ,2003,5.54516
ORISSA ,2003,2.37258
RAJASTHAN ,2003,3.625
TAMIL NADU,2003,4.15611
UTTAR PRADESH,2003,1.80834
WEST BENGAL,2003,1.87955

ANDHRA PRADESH,2004,6.82872
ARUNACHAL PRADESH,2004,3.55248
ASSAM ,2004,0.718218
BIHAR ,2004,0.987602
CHHATTISGARH ,2004,0.869919
KARNATAKA ,2004,4.75147
KERALA ,2004,2.1673
MADHYA PRADESH,2004,0.956193
MANIPUR ,2004,0.680851
MEGHALYA ,2004,5.54854
ORISSA ,2004,2.37921
TAMIL NADU,2004,5.4796
UTTAR PRADESH,2004,1.73777
WEST BENGAL,2004,1.97403

ANDAMAN AND NICOBAR,2005,6.97826
ANDHRA PRADESH,2005,7.40904
ARUNACHAL PRADESH,2005,3.81967
ASSAM ,2005,0.732064
BIHAR ,2005,0.97212
CHHATTISGARH ,2005,0.884715
HIMACHAL PRADESH,2005,0.605442
KARNATAKA ,2005,5.34053
KERALA ,2005,2.4341
MANIPUR ,2005,0.7
MEGHALYA ,2005,5.78316
RAJASTHAN ,2005,2.59494
TAMIL NADU,2005,5.52014
UTTAR PRADESH,2005,4.45761
WEST BENGAL,2005,2.11491

ANDAMAN AND NICOBAR,2006,5.79012
ANDHRA PRADESH,2006,6.21378
ARUNACHAL PRADESH,2006,3.69361
ASSAM ,2006,0.727195
CHHATTISGARH ,2006,0.857968
HIMACHAL PRADESH,2006,0.529412
KARNATAKA ,2006,5.04908
KERALA ,2006,2.54787
MANIPUR ,2006,0.842105
RAJASTHAN ,2006,4.56618
TAMIL NADU,2006,5.74515
UTTAR PRADESH,2006,3.40062
UTTARANCHAL ,2006,2.29469
WEST BENGAL,2006,2.20141

ANDAMAN AND NICOBAR,2007,5.85185
ANDHRA PRADESH,2007,6.64319
ARUNACHAL PRADESH,2007,3.85975
ASSAM ,2007,0.688722
BIHAR ,2007,0.996212
CHHATTISGARH ,2007,0.922737
HIMACHAL PRADESH,2007,0.507042
JAMMU AND KASHMIR,2007,1
KARNATAKA ,2007,7.77627
KERALA ,2007,2.35626
MADHYA PRADESH,2007,0.832061
MANIPUR ,2007,0.7
NAGALAND ,2007,4.5
RAJASTHAN ,2007,4.71154
TAMIL NADU,2007,5.34769
UTTAR PRADESH,2007,3.06944
UTTARANCHAL ,2007,1.80717
WEST BENGAL,2007,2.32659

ANDAMAN AND NICOBAR,2008,4.64634
ANDHRA PRADESH,2008,6.54517
ARUNACHAL PRADESH,2008,3.88072
ASSAM ,2008,0.725984
BIHAR ,2008,1.15977
CHHATTISGARH ,2008,0.908459
HARYANA ,2008,9.80392
HIMACHAL PRADESH,2008,0.528846
KARNATAKA ,2008,4.76052
KERALA ,2008,2.28756
MADHYA PRADESH,2008,0.884194
MEGHALYA ,2008,5.12813
NAGALAND ,2008,4.55224
RAJASTHAN ,2008,2.5567
TAMIL NADU,2008,5.7685
UTTARANCHAL ,2008,2.01395
WEST BENGAL,2008,2.32466

ANDAMAN AND NICOBAR,2009,4.57143
ANDHRA PRADESH,2009,6.12096
ARUNACHAL PRADESH,2009,4.08307
ASSAM ,2009,0.700065
CHHATTISGARH ,2009,0.845465
KERALA ,2009,2.48811
RAJASTHAN ,2009,1.88571
TAMIL NADU,2009,5.06716
UTTAR PRADESH,2009,3.30494
UTTARANCHAL ,2009,0.96129

ARUNACHAL PRADESH,2010,4.45008
ASSAM ,2010,0.709951
CHHATTISGARH ,2010,0.895445
HIMACHAL PRADESH,2010,0.4
UTTAR PRADESH,2010,3.14219

